,danceability,energy,key,loudness,mode,speechiness,acousticness,instrumentalness,liveness,valence,tempo,type,id,uri,track_href,analysis_url,duration_ms,time_signature
0,0.795,0.885,8,-4.13,1,0.0713,0.0375,0.00638,0.292,0.46,126.037,audio_features,1RKZvaLj3UPhGjZkaIrFm7,spotify:track:1RKZvaLj3UPhGjZkaIrFm7,https://api.spotify.com/v1/tracks/1RKZvaLj3UPhGjZkaIrFm7,https://api.spotify.com/v1/audio-analysis/1RKZvaLj3UPhGjZkaIrFm7,169998,4
1,0.941,0.729,6,-7.56,0,0.246,0.146,0.00451,0.18,0.718,118.026,audio_features,7FbKipScVxkjQxQXwTd0gL,spotify:track:7FbKipScVxkjQxQXwTd0gL,https://api.spotify.com/v1/tracks/7FbKipScVxkjQxQXwTd0gL,https://api.spotify.com/v1/audio-analysis/7FbKipScVxkjQxQXwTd0gL,217881,4
2,0.655,0.725,0,-5.497,1,0.188,0.0327,0.00264,0.0611,0.326,125.8,audio_features,1khmgu0pveJbkbpbkyvcQv,spotify:track:1khmgu0pveJbkbpbkyvcQv,https://api.spotify.com/v1/tracks/1khmgu0pveJbkbpbkyvcQv,https://api.spotify.com/v1/audio-analysis/1khmgu0pveJbkbpbkyvcQv,300579,4
3,0.766,0.763,1,-5.702,1,0.205,0.376,0.000176,0.1,0.732,186.004,audio_features,44DCGBt8P6iZPd0RRsZiMw,spotify:track:44DCGBt8P6iZPd0RRsZiMw,https://api.spotify.com/v1/tracks/44DCGBt8P6iZPd0RRsZiMw,https://api.spotify.com/v1/audio-analysis/44DCGBt8P6iZPd0RRsZiMw,248160,4
4,0.898,0.89,5,-2.155,1,0.0599,0.38,0.0622,0.171,0.672,117.064,audio_features,0BvhrGwe5MtFFf9gMIeWbp,spotify:track:0BvhrGwe5MtFFf9gMIeWbp,https://api.spotify.com/v1/tracks/0BvhrGwe5MtFFf9gMIeWbp,https://api.spotify.com/v1/audio-analysis/0BvhrGwe5MtFFf9gMIeWbp,249744,4
5,0.568,0.846,0,-3.794,1,0.27,0.173,1.61e-06,0.136,0.568,149.07,audio_features,0a41S6Hf3njfUbQTZyxWDq,spotify:track:0a41S6Hf3njfUbQTZyxWDq,https://api.spotify.com/v1/tracks/0a41S6Hf3njfUbQTZyxWDq,https://api.spotify.com/v1/audio-analysis/0a41S6Hf3njfUbQTZyxWDq,317000,5
6,0.875,0.909,9,-3.558,1,0.076,0.14,0.00185,0.0616,0.524,119.999,audio_features,4phvdPGXE8MGXsTBhqB5ht,spotify:track:4phvdPGXE8MGXsTBhqB5ht,https://api.spotify.com/v1/tracks/4phvdPGXE8MGXsTBhqB5ht,https://api.spotify.com/v1/audio-analysis/4phvdPGXE8MGXsTBhqB5ht,305526,4
7,0.857,0.981,11,-1.968,0,0.0519,0.189,0.00164,0.692,0.91,116.994,audio_features,2joDqfk2o1beVXlyaX2NoZ,spotify:track:2joDqfk2o1beVXlyaX2NoZ,https://api.spotify.com/v1/tracks/2joDqfk2o1beVXlyaX2NoZ,https://api.spotify.com/v1/audio-analysis/2joDqfk2o1beVXlyaX2NoZ,304872,4
8,0.824,0.85,0,-3.614,0,0.0521,0.0442,2.53e-06,0.111,0.769,96.005,audio_features,2qcMnJuHT2fJgGopinP3zL,spotify:track:2qcMnJuHT2fJgGopinP3zL,https://api.spotify.com/v1/tracks/2qcMnJuHT2fJgGopinP3zL,https://api.spotify.com/v1/audio-analysis/2qcMnJuHT2fJgGopinP3zL,225000,4
9,0.946,0.908,7,-6.233,1,0.0826,0.113,0.173,0.544,0.449,119.968,audio_features,5uAe6AXcN2SEOcOAy0Txkh,spotify:track:5uAe6AXcN2SEOcOAy0Txkh,https://api.spotify.com/v1/tracks/5uAe6AXcN2SEOcOAy0Txkh,https://api.spotify.com/v1/audio-analysis/5uAe6AXcN2SEOcOAy0Txkh,195250,4
10,0.86,0.835,9,-2.536,1,0.215,0.0441,1.69e-06,0.0831,0.346,125.167,audio_features,7iF7wJCFOIQOqghP7r94fe,spotify:track:7iF7wJCFOIQOqghP7r94fe,https://api.spotify.com/v1/tracks/7iF7wJCFOIQOqghP7r94fe,https://api.spotify.com/v1/audio-analysis/7iF7wJCFOIQOqghP7r94fe,192913,4
11,0.834,0.925,6,-1.783,0,0.0707,0.553,0.0152,0.234,0.798,117.987,audio_features,38FFVJJUFMn0D5jS2H32FH,spotify:track:38FFVJJUFMn0D5jS2H32FH,https://api.spotify.com/v1/tracks/38FFVJJUFMn0D5jS2H32FH,https://api.spotify.com/v1/audio-analysis/38FFVJJUFMn0D5jS2H32FH,205893,4
12,0.872,0.868,11,-5.208,1,0.0638,0.0193,4.87e-06,0.0707,0.714,111.928,audio_features,1UyXp5HSKNrSI55lm55gZ1,spotify:track:1UyXp5HSKNrSI55lm55gZ1,https://api.spotify.com/v1/tracks/1UyXp5HSKNrSI55lm55gZ1,https://api.spotify.com/v1/audio-analysis/1UyXp5HSKNrSI55lm55gZ1,204893,4
13,0.865,0.94,2,-0.479,1,0.153,0.105,1.85e-06,0.553,0.616,100.031,audio_features,4y4SfmkcTnFYClU3xhXgrD,spotify:track:4y4SfmkcTnFYClU3xhXgrD,https://api.spotify.com/v1/tracks/4y4SfmkcTnFYClU3xhXgrD,https://api.spotify.com/v1/audio-analysis/4y4SfmkcTnFYClU3xhXgrD,359075,4
14,0.807,0.947,11,-1.232,0,0.292,0.239,1.57e-06,0.103,0.601,118.084,audio_features,2z3D2gLbtXPkyLz2cdkFFd,spotify:track:2z3D2gLbtXPkyLz2cdkFFd,https://api.spotify.com/v1/tracks/2z3D2gLbtXPkyLz2cdkFFd,https://api.spotify.com/v1/audio-analysis/2z3D2gLbtXPkyLz2cdkFFd,197320,4
15,0.821,0.936,6,-3.163,1,0.0893,0.119,1.17e-06,0.299,0.836,119.964,audio_features,71pehRVEU19NHe07v0ZM7C,spotify:track:71pehRVEU19NHe07v0ZM7C,https://api.spotify.com/v1/tracks/71pehRVEU19NHe07v0ZM7C,https://api.spotify.com/v1/audio-analysis/71pehRVEU19NHe07v0ZM7C,197511,4
16,0.91,0.934,6,-3.532,1,0.0572,0.0875,0.0545,0.0717,0.903,111.996,audio_features,4umcAU9DuUctlImkcPATuB,spotify:track:4umcAU9DuUctlImkcPATuB,https://api.spotify.com/v1/tracks/4umcAU9DuUctlImkcPATuB,https://api.spotify.com/v1/audio-analysis/4umcAU9DuUctlImkcPATuB,251349,4
17,0.774,0.885,7,-3.776,1,0.0791,0.062,4.82e-06,0.0592,0.927,164.128,audio_features,3sGY8FbKKOs222Bvi7Vyv4,spotify:track:3sGY8FbKKOs222Bvi7Vyv4,https://api.spotify.com/v1/tracks/3sGY8FbKKOs222Bvi7Vyv4,https://api.spotify.com/v1/audio-analysis/3sGY8FbKKOs222Bvi7Vyv4,187196,4
18,0.791,0.882,10,-3.139,0,0.063,0.138,6.64e-06,0.594,0.527,120.107,audio_features,3qwYgeqpDEsQdHgCpDqYty,spotify:track:3qwYgeqpDEsQdHgCpDqYty,https://api.spotify.com/v1/tracks/3qwYgeqpDEsQdHgCpDqYty,https://api.spotify.com/v1/audio-analysis/3qwYgeqpDEsQdHgCpDqYty,183040,4
19,0.685,0.883,7,-3.533,1,0.213,0.199,0.0,0.419,0.34,124.545,audio_features,5FUe8JnbAljSJ48IrRXdvJ,spotify:track:5FUe8JnbAljSJ48IrRXdvJ,https://api.spotify.com/v1/tracks/5FUe8JnbAljSJ48IrRXdvJ,https://api.spotify.com/v1/audio-analysis/5FUe8JnbAljSJ48IrRXdvJ,183959,4
20,0.894,0.723,11,-5.61,0,0.0917,0.246,0.00475,0.15,0.487,116.003,audio_features,69I3KzUSur7pT3p8z7jhk5,spotify:track:69I3KzUSur7pT3p8z7jhk5,https://api.spotify.com/v1/tracks/69I3KzUSur7pT3p8z7jhk5,https://api.spotify.com/v1/audio-analysis/69I3KzUSur7pT3p8z7jhk5,216816,4
21,0.913,0.86,1,-1.383,1,0.131,0.25,0.000226,0.261,0.736,120.022,audio_features,41ezMG36bvrbJaJpvlbDFf,spotify:track:41ezMG36bvrbJaJpvlbDFf,https://api.spotify.com/v1/tracks/41ezMG36bvrbJaJpvlbDFf,https://api.spotify.com/v1/audio-analysis/41ezMG36bvrbJaJpvlbDFf,230000,4
22,0.882,0.814,0,-5.471,0,0.0849,0.0429,0.000673,0.435,0.855,122.962,audio_features,7rTsnvxE2Del41TkzwAlbf,spotify:track:7rTsnvxE2Del41TkzwAlbf,https://api.spotify.com/v1/tracks/7rTsnvxE2Del41TkzwAlbf,https://api.spotify.com/v1/audio-analysis/7rTsnvxE2Del41TkzwAlbf,239394,4
23,0.592,0.786,10,-4.471,0,0.39,0.445,0.0,0.111,0.72,175.246,audio_features,5WvRLpBKheIwhUbVTVlUz6,spotify:track:5WvRLpBKheIwhUbVTVlUz6,https://api.spotify.com/v1/tracks/5WvRLpBKheIwhUbVTVlUz6,https://api.spotify.com/v1/audio-analysis/5WvRLpBKheIwhUbVTVlUz6,289728,4
24,0.801,0.785,6,-3.895,1,0.343,0.267,0.0,0.0647,0.902,97.828,audio_features,5ldrlXHvzAb1oBgbQJa4bk,spotify:track:5ldrlXHvzAb1oBgbQJa4bk,https://api.spotify.com/v1/tracks/5ldrlXHvzAb1oBgbQJa4bk,https://api.spotify.com/v1/audio-analysis/5ldrlXHvzAb1oBgbQJa4bk,279184,4
25,0.869,0.919,8,-2.417,1,0.223,0.221,0.000354,0.22,0.549,123.997,audio_features,3m7vxaQ2h9z94Rq4OjVift,spotify:track:3m7vxaQ2h9z94Rq4OjVift,https://api.spotify.com/v1/tracks/3m7vxaQ2h9z94Rq4OjVift,https://api.spotify.com/v1/audio-analysis/3m7vxaQ2h9z94Rq4OjVift,212903,4
26,0.834,0.595,1,-2.721,1,0.313,0.106,0.0,0.24,0.466,104.906,audio_features,4wef3k6kgDG8tkkvjebJip,spotify:track:4wef3k6kgDG8tkkvjebJip,https://api.spotify.com/v1/tracks/4wef3k6kgDG8tkkvjebJip,https://api.spotify.com/v1/audio-analysis/4wef3k6kgDG8tkkvjebJip,212911,4
27,0.937,0.798,7,-2.573,1,0.291,0.00637,0.000587,0.119,0.183,124.004,audio_features,6HpPSy0xVGAmS4xHtG4L4j,spotify:track:6HpPSy0xVGAmS4xHtG4L4j,https://api.spotify.com/v1/tracks/6HpPSy0xVGAmS4xHtG4L4j,https://api.spotify.com/v1/audio-analysis/6HpPSy0xVGAmS4xHtG4L4j,208927,4
28,0.867,0.754,11,-3.143,1,0.365,0.203,0.0,0.0408,0.582,108.006,audio_features,4Sl2yHC6YUu4yOhHSooSkD,spotify:track:4Sl2yHC6YUu4yOhHSooSkD,https://api.spotify.com/v1/tracks/4Sl2yHC6YUu4yOhHSooSkD,https://api.spotify.com/v1/audio-analysis/4Sl2yHC6YUu4yOhHSooSkD,196153,4
29,0.541,0.824,6,-4.759,1,0.567,0.681,0.0,0.207,0.735,77.154,audio_features,3yaNgCPIMrJ1SNBlt6mewz,spotify:track:3yaNgCPIMrJ1SNBlt6mewz,https://api.spotify.com/v1/tracks/3yaNgCPIMrJ1SNBlt6mewz,https://api.spotify.com/v1/audio-analysis/3yaNgCPIMrJ1SNBlt6mewz,274887,4
30,0.7,0.71,11,-4.835,1,0.0532,0.327,0.0,0.129,0.582,167.971,audio_features,2IA8cFA46DkjgbsRG7kKbp,spotify:track:2IA8cFA46DkjgbsRG7kKbp,https://api.spotify.com/v1/tracks/2IA8cFA46DkjgbsRG7kKbp,https://api.spotify.com/v1/audio-analysis/2IA8cFA46DkjgbsRG7kKbp,235973,4
31,0.734,0.583,11,-11.764,0,0.0414,0.0867,0.259,0.0979,0.144,105.013,audio_features,4NLcgBskZkUYgpAVQF0sNI,spotify:track:4NLcgBskZkUYgpAVQF0sNI,https://api.spotify.com/v1/tracks/4NLcgBskZkUYgpAVQF0sNI,https://api.spotify.com/v1/audio-analysis/4NLcgBskZkUYgpAVQF0sNI,224698,4
32,0.637,0.513,11,-6.846,0,0.283,0.3,0.000571,0.0981,0.27,196.088,audio_features,6kTMnty169llVx9sGHb6LD,spotify:track:6kTMnty169llVx9sGHb6LD,https://api.spotify.com/v1/tracks/6kTMnty169llVx9sGHb6LD,https://api.spotify.com/v1/audio-analysis/6kTMnty169llVx9sGHb6LD,231909,4
33,0.576,0.806,8,-4.678,1,0.147,0.582,1.85e-06,0.0758,0.924,126.495,audio_features,6UGc9l0tpk1xSx9KV2fOVf,spotify:track:6UGc9l0tpk1xSx9KV2fOVf,https://api.spotify.com/v1/tracks/6UGc9l0tpk1xSx9KV2fOVf,https://api.spotify.com/v1/audio-analysis/6UGc9l0tpk1xSx9KV2fOVf,204277,5
34,0.76,0.838,6,-4.347,0,0.051,0.39,0.0,0.166,0.863,159.938,audio_features,4S8wmEZy12C5UJUU0IQUee,spotify:track:4S8wmEZy12C5UJUU0IQUee,https://api.spotify.com/v1/tracks/4S8wmEZy12C5UJUU0IQUee,https://api.spotify.com/v1/audio-analysis/4S8wmEZy12C5UJUU0IQUee,241504,4
35,0.654,0.733,9,-4.127,1,0.0705,0.59,3.48e-06,0.0751,0.45,140.005,audio_features,2YfOp1cJeaPwJCKe0gjo7y,spotify:track:2YfOp1cJeaPwJCKe0gjo7y,https://api.spotify.com/v1/tracks/2YfOp1cJeaPwJCKe0gjo7y,https://api.spotify.com/v1/audio-analysis/2YfOp1cJeaPwJCKe0gjo7y,281653,4
36,0.691,0.835,6,-4.495,0,0.0747,0.0412,0.000197,0.411,0.67,169.975,audio_features,1PeolWTkf6eq3K3qMXTkkN,spotify:track:1PeolWTkf6eq3K3qMXTkkN,https://api.spotify.com/v1/tracks/1PeolWTkf6eq3K3qMXTkkN,https://api.spotify.com/v1/audio-analysis/1PeolWTkf6eq3K3qMXTkkN,242000,4
37,0.748,0.532,2,-7.157,1,0.132,0.389,0.0,0.06,0.369,98.038,audio_features,3He16IbDCweYwKPIa9jbNS,spotify:track:3He16IbDCweYwKPIa9jbNS,https://api.spotify.com/v1/tracks/3He16IbDCweYwKPIa9jbNS,https://api.spotify.com/v1/audio-analysis/3He16IbDCweYwKPIa9jbNS,245987,4
38,0.694,0.842,2,-4.91,1,0.0624,0.147,1.05e-06,0.261,0.753,105.02,audio_features,14Q3OrXMvSTCJvqeSNXovU,spotify:track:14Q3OrXMvSTCJvqeSNXovU,https://api.spotify.com/v1/tracks/14Q3OrXMvSTCJvqeSNXovU,https://api.spotify.com/v1/audio-analysis/14Q3OrXMvSTCJvqeSNXovU,177328,4
39,0.746,0.733,0,-5.336,1,0.0391,0.0497,3.46e-05,0.0387,0.56,97.034,audio_features,3weZ9EdNe4qXlK4A23PxBH,spotify:track:3weZ9EdNe4qXlK4A23PxBH,https://api.spotify.com/v1/tracks/3weZ9EdNe4qXlK4A23PxBH,https://api.spotify.com/v1/audio-analysis/3weZ9EdNe4qXlK4A23PxBH,175670,4
40,0.869,0.846,7,-8.993,1,0.0556,0.474,0.0,0.0775,0.963,129.97,audio_features,0xqs2fssv31FOsKQjO5EhF,spotify:track:0xqs2fssv31FOsKQjO5EhF,https://api.spotify.com/v1/tracks/0xqs2fssv31FOsKQjO5EhF,https://api.spotify.com/v1/audio-analysis/0xqs2fssv31FOsKQjO5EhF,206191,4
41,0.736,0.623,0,-7.59,1,0.0467,0.047,1.07e-06,0.106,0.642,149.98,audio_features,0wiR7y1blI3vmrwvhLkYsx,spotify:track:0wiR7y1blI3vmrwvhLkYsx,https://api.spotify.com/v1/tracks/0wiR7y1blI3vmrwvhLkYsx,https://api.spotify.com/v1/audio-analysis/0wiR7y1blI3vmrwvhLkYsx,259587,4
42,0.749,0.818,3,-3.219,0,0.0467,0.183,4.62e-05,0.0479,0.827,97.978,audio_features,3CceXZxUn3u2E1kyJvN5fb,spotify:track:3CceXZxUn3u2E1kyJvN5fb,https://api.spotify.com/v1/tracks/3CceXZxUn3u2E1kyJvN5fb,https://api.spotify.com/v1/audio-analysis/3CceXZxUn3u2E1kyJvN5fb,150649,4
43,0.735,0.78,0,-6.154,1,0.381,0.337,0.0,0.349,0.826,98.057,audio_features,7kIP60tCZ6XlAtSbJjGlhU,spotify:track:7kIP60tCZ6XlAtSbJjGlhU,https://api.spotify.com/v1/tracks/7kIP60tCZ6XlAtSbJjGlhU,https://api.spotify.com/v1/audio-analysis/7kIP60tCZ6XlAtSbJjGlhU,707595,4
44,0.769,0.86,0,-3.341,1,0.375,0.345,0.0,0.65,0.833,98.044,audio_features,3SOY1DKorxsNPreFiuPwZ1,spotify:track:3SOY1DKorxsNPreFiuPwZ1,https://api.spotify.com/v1/tracks/3SOY1DKorxsNPreFiuPwZ1,https://api.spotify.com/v1/audio-analysis/3SOY1DKorxsNPreFiuPwZ1,370338,4
45,0.659,0.87,5,-3.937,0,0.0287,0.0313,0.0,0.109,0.619,145.956,audio_features,2QebSAWmxv8gw0BvOqQPFv,spotify:track:2QebSAWmxv8gw0BvOqQPFv,https://api.spotify.com/v1/tracks/2QebSAWmxv8gw0BvOqQPFv,https://api.spotify.com/v1/audio-analysis/2QebSAWmxv8gw0BvOqQPFv,187427,4
46,0.767,0.702,11,-5.363,0,0.0372,0.0165,0.0,0.0616,0.983,115.962,audio_features,0JNO59NigOfHWQQAClzAEs,spotify:track:0JNO59NigOfHWQQAClzAEs,https://api.spotify.com/v1/tracks/0JNO59NigOfHWQQAClzAEs,https://api.spotify.com/v1/audio-analysis/0JNO59NigOfHWQQAClzAEs,210963,4
47,0.678,0.872,7,-4.908,1,0.264,0.0378,0.0,0.145,0.952,95.061,audio_features,1VAJTs96cC8332LtN3i5vA,spotify:track:1VAJTs96cC8332LtN3i5vA,https://api.spotify.com/v1/tracks/1VAJTs96cC8332LtN3i5vA,https://api.spotify.com/v1/audio-analysis/1VAJTs96cC8332LtN3i5vA,259533,4
48,0.805,0.848,1,-5.849,1,0.0474,0.0342,2.43e-06,0.316,0.584,117.01,audio_features,1r1JsyDxWgMo9jE3dJcirm,spotify:track:1r1JsyDxWgMo9jE3dJcirm,https://api.spotify.com/v1/tracks/1r1JsyDxWgMo9jE3dJcirm,https://api.spotify.com/v1/audio-analysis/1r1JsyDxWgMo9jE3dJcirm,294827,4
49,0.724,0.912,4,-2.664,0,0.0432,0.19,0.000281,0.312,0.955,127.969,audio_features,3Rych4r0vBVbsqkR2kkKEi,spotify:track:3Rych4r0vBVbsqkR2kkKEi,https://api.spotify.com/v1/tracks/3Rych4r0vBVbsqkR2kkKEi,https://api.spotify.com/v1/audio-analysis/3Rych4r0vBVbsqkR2kkKEi,229320,4
50,0.869,0.805,1,-6.757,1,0.116,0.00496,0.0,0.0291,0.762,128.087,audio_features,6fmVrh7XQ0KD69AOufNMUL,spotify:track:6fmVrh7XQ0KD69AOufNMUL,https://api.spotify.com/v1/tracks/6fmVrh7XQ0KD69AOufNMUL,https://api.spotify.com/v1/audio-analysis/6fmVrh7XQ0KD69AOufNMUL,203493,4
51,0.665,0.924,1,-2.577,1,0.198,0.319,1.52e-05,0.0938,0.668,126.485,audio_features,6cFckWKvl4IrBmRZI995kG,spotify:track:6cFckWKvl4IrBmRZI995kG,https://api.spotify.com/v1/tracks/6cFckWKvl4IrBmRZI995kG,https://api.spotify.com/v1/audio-analysis/6cFckWKvl4IrBmRZI995kG,215301,4
52,0.887,0.792,6,-1.775,0,0.304,0.163,3.31e-06,0.0787,0.506,90.738,audio_features,6R8PlLgNFv8WysXspoTmTR,spotify:track:6R8PlLgNFv8WysXspoTmTR,https://api.spotify.com/v1/tracks/6R8PlLgNFv8WysXspoTmTR,https://api.spotify.com/v1/audio-analysis/6R8PlLgNFv8WysXspoTmTR,234453,3
53,0.656,0.716,5,-3.959,0,0.495,0.104,6.77e-06,0.0824,0.606,185.85,audio_features,5nUJPQreW88E30aHM2HHm7,spotify:track:5nUJPQreW88E30aHM2HHm7,https://api.spotify.com/v1/tracks/5nUJPQreW88E30aHM2HHm7,https://api.spotify.com/v1/audio-analysis/5nUJPQreW88E30aHM2HHm7,200652,4
54,0.865,0.914,2,-3.81,1,0.0459,0.269,0.000462,0.174,0.706,115.015,audio_features,0LlWBlBmg2OOibYOnF9Dm0,spotify:track:0LlWBlBmg2OOibYOnF9Dm0,https://api.spotify.com/v1/tracks/0LlWBlBmg2OOibYOnF9Dm0,https://api.spotify.com/v1/audio-analysis/0LlWBlBmg2OOibYOnF9Dm0,152660,4
55,0.816,0.917,8,-3.28,0,0.0503,0.0567,5.54e-05,0.885,0.964,122.017,audio_features,5lhPjPAJ2eETbkSBziCRWs,spotify:track:5lhPjPAJ2eETbkSBziCRWs,https://api.spotify.com/v1/tracks/5lhPjPAJ2eETbkSBziCRWs,https://api.spotify.com/v1/audio-analysis/5lhPjPAJ2eETbkSBziCRWs,200725,4
56,0.86,0.801,7,-4.758,1,0.183,0.0189,0.0109,0.344,0.454,109.039,audio_features,3hDD5EhhH9bxXEEuwsyQT8,spotify:track:3hDD5EhhH9bxXEEuwsyQT8,https://api.spotify.com/v1/tracks/3hDD5EhhH9bxXEEuwsyQT8,https://api.spotify.com/v1/audio-analysis/3hDD5EhhH9bxXEEuwsyQT8,171442,4
57,0.839,0.77,3,-3.696,0,0.107,0.262,2.41e-05,0.355,0.44,135.023,audio_features,0PHsVUWTCuSy3t8r4sm4OV,spotify:track:0PHsVUWTCuSy3t8r4sm4OV,https://api.spotify.com/v1/tracks/0PHsVUWTCuSy3t8r4sm4OV,https://api.spotify.com/v1/audio-analysis/0PHsVUWTCuSy3t8r4sm4OV,225816,4
58,0.851,0.718,0,-6.74,0,0.225,0.193,0.00112,0.0713,0.642,104.921,audio_features,07BugovfF5V3Bd2nsDxmVa,spotify:track:07BugovfF5V3Bd2nsDxmVa,https://api.spotify.com/v1/tracks/07BugovfF5V3Bd2nsDxmVa,https://api.spotify.com/v1/audio-analysis/07BugovfF5V3Bd2nsDxmVa,172385,4
59,0.936,0.701,5,-8.945,0,0.114,0.0309,8.73e-06,0.344,0.963,119.905,audio_features,5Uks6VIHmWLNoamsvD9Fuh,spotify:track:5Uks6VIHmWLNoamsvD9Fuh,https://api.spotify.com/v1/tracks/5Uks6VIHmWLNoamsvD9Fuh,https://api.spotify.com/v1/audio-analysis/5Uks6VIHmWLNoamsvD9Fuh,152526,4
60,0.656,0.939,10,-0.762,0,0.253,0.444,0.0481,0.0469,0.912,122.385,audio_features,5hG3xtRax4lX4gUTbK1UkP,spotify:track:5hG3xtRax4lX4gUTbK1UkP,https://api.spotify.com/v1/tracks/5hG3xtRax4lX4gUTbK1UkP,https://api.spotify.com/v1/audio-analysis/5hG3xtRax4lX4gUTbK1UkP,251613,4
61,0.894,0.723,11,-5.61,0,0.0917,0.246,0.00475,0.15,0.487,116.003,audio_features,69I3KzUSur7pT3p8z7jhk5,spotify:track:69I3KzUSur7pT3p8z7jhk5,https://api.spotify.com/v1/tracks/69I3KzUSur7pT3p8z7jhk5,https://api.spotify.com/v1/audio-analysis/69I3KzUSur7pT3p8z7jhk5,216816,4
62,0.679,0.838,7,-3.616,1,0.236,0.441,0.0032,0.139,0.649,115.029,audio_features,2ecaPx5QDfsxGUThU6rHUZ,spotify:track:2ecaPx5QDfsxGUThU6rHUZ,https://api.spotify.com/v1/tracks/2ecaPx5QDfsxGUThU6rHUZ,https://api.spotify.com/v1/audio-analysis/2ecaPx5QDfsxGUThU6rHUZ,275391,4
63,0.913,0.86,1,-1.383,1,0.131,0.25,0.000226,0.261,0.736,120.022,audio_features,41ezMG36bvrbJaJpvlbDFf,spotify:track:41ezMG36bvrbJaJpvlbDFf,https://api.spotify.com/v1/tracks/41ezMG36bvrbJaJpvlbDFf,https://api.spotify.com/v1/audio-analysis/41ezMG36bvrbJaJpvlbDFf,230000,4
64,0.559,0.895,10,-2.26,0,0.437,0.356,0.0864,0.375,0.914,185.805,audio_features,39BWAAsvNEM87UsDsL1DM5,spotify:track:39BWAAsvNEM87UsDsL1DM5,https://api.spotify.com/v1/tracks/39BWAAsvNEM87UsDsL1DM5,https://api.spotify.com/v1/audio-analysis/39BWAAsvNEM87UsDsL1DM5,164516,3
65,0.691,0.871,1,-3.055,1,0.199,0.105,0.057,0.273,0.804,230.0,audio_features,3C7ErK9zTcj1rpXhyH4eBG,spotify:track:3C7ErK9zTcj1rpXhyH4eBG,https://api.spotify.com/v1/tracks/3C7ErK9zTcj1rpXhyH4eBG,https://api.spotify.com/v1/audio-analysis/3C7ErK9zTcj1rpXhyH4eBG,229565,4
66,0.801,0.785,6,-3.895,1,0.343,0.267,0.0,0.0647,0.902,97.828,audio_features,5ldrlXHvzAb1oBgbQJa4bk,spotify:track:5ldrlXHvzAb1oBgbQJa4bk,https://api.spotify.com/v1/tracks/5ldrlXHvzAb1oBgbQJa4bk,https://api.spotify.com/v1/audio-analysis/5ldrlXHvzAb1oBgbQJa4bk,279184,4
67,0.908,0.907,1,-0.763,1,0.151,0.245,0.000354,0.24,0.8,120.042,audio_features,5XqekpV3dsMMTPl4YQGtpo,spotify:track:5XqekpV3dsMMTPl4YQGtpo,https://api.spotify.com/v1/tracks/5XqekpV3dsMMTPl4YQGtpo,https://api.spotify.com/v1/audio-analysis/5XqekpV3dsMMTPl4YQGtpo,196141,4
68,0.869,0.919,8,-2.417,1,0.223,0.221,0.000354,0.22,0.549,123.997,audio_features,3m7vxaQ2h9z94Rq4OjVift,spotify:track:3m7vxaQ2h9z94Rq4OjVift,https://api.spotify.com/v1/tracks/3m7vxaQ2h9z94Rq4OjVift,https://api.spotify.com/v1/audio-analysis/3m7vxaQ2h9z94Rq4OjVift,212903,4
69,0.895,0.904,1,-4.548,1,0.074,0.0429,0.000112,0.662,0.702,121.006,audio_features,3X07aZDNVHZAqRevgAJtdd,spotify:track:3X07aZDNVHZAqRevgAJtdd,https://api.spotify.com/v1/tracks/3X07aZDNVHZAqRevgAJtdd,https://api.spotify.com/v1/audio-analysis/3X07aZDNVHZAqRevgAJtdd,193394,4
70,0.656,0.939,10,-0.762,0,0.253,0.444,0.0481,0.0469,0.912,122.385,audio_features,5hG3xtRax4lX4gUTbK1UkP,spotify:track:5hG3xtRax4lX4gUTbK1UkP,https://api.spotify.com/v1/tracks/5hG3xtRax4lX4gUTbK1UkP,https://api.spotify.com/v1/audio-analysis/5hG3xtRax4lX4gUTbK1UkP,251613,4
71,0.811,0.634,8,-8.566,1,0.0839,0.0648,3.14e-06,0.0598,0.599,96.929,audio_features,0HpiLpKXNfkWW47IIcQIEx,spotify:track:0HpiLpKXNfkWW47IIcQIEx,https://api.spotify.com/v1/tracks/0HpiLpKXNfkWW47IIcQIEx,https://api.spotify.com/v1/audio-analysis/0HpiLpKXNfkWW47IIcQIEx,223000,4
72,0.736,0.644,5,-8.681,1,0.201,0.578,0.0,0.153,0.449,90.011,audio_features,3R8amwNn7AXd6czI6fUb8W,spotify:track:3R8amwNn7AXd6czI6fUb8W,https://api.spotify.com/v1/tracks/3R8amwNn7AXd6czI6fUb8W,https://api.spotify.com/v1/audio-analysis/3R8amwNn7AXd6czI6fUb8W,194813,4
73,0.854,0.785,0,-5.974,1,0.0634,0.415,3.53e-05,0.265,0.912,95.948,audio_features,4DmfmjQziKh2Af22X6ZJkP,spotify:track:4DmfmjQziKh2Af22X6ZJkP,https://api.spotify.com/v1/tracks/4DmfmjQziKh2Af22X6ZJkP,https://api.spotify.com/v1/audio-analysis/4DmfmjQziKh2Af22X6ZJkP,136000,4
74,0.716,0.632,7,-7.595,1,0.188,0.281,0.0,0.0617,0.758,192.124,audio_features,7B0eMeHAMbxbCTamE5us8J,spotify:track:7B0eMeHAMbxbCTamE5us8J,https://api.spotify.com/v1/tracks/7B0eMeHAMbxbCTamE5us8J,https://api.spotify.com/v1/audio-analysis/7B0eMeHAMbxbCTamE5us8J,199000,4
75,0.635,0.733,8,-4.53,1,0.117,0.0974,0.00105,0.0944,0.857,195.85,audio_features,2cwUACZn05NitDxsFnNSfB,spotify:track:2cwUACZn05NitDxsFnNSfB,https://api.spotify.com/v1/tracks/2cwUACZn05NitDxsFnNSfB,https://api.spotify.com/v1/audio-analysis/2cwUACZn05NitDxsFnNSfB,207895,4
76,0.615,0.668,7,-9.129,1,0.333,0.626,0.0,0.668,0.522,74.608,audio_features,7oJzEtK0F1FT0cFIPNOPY6,spotify:track:7oJzEtK0F1FT0cFIPNOPY6,https://api.spotify.com/v1/tracks/7oJzEtK0F1FT0cFIPNOPY6,https://api.spotify.com/v1/audio-analysis/7oJzEtK0F1FT0cFIPNOPY6,220707,1
77,0.885,0.769,1,-3.04,1,0.0795,0.0482,0.000196,0.607,0.76,109.965,audio_features,7u7wa5ElLqFlunGtvUniJv,spotify:track:7u7wa5ElLqFlunGtvUniJv,https://api.spotify.com/v1/tracks/7u7wa5ElLqFlunGtvUniJv,https://api.spotify.com/v1/audio-analysis/7u7wa5ElLqFlunGtvUniJv,185212,4
78,0.661,0.735,9,-8.369,1,0.293,0.117,0.0,0.19,0.779,92.107,audio_features,24FgZSdBaQXXpN0VuYSTDc,spotify:track:24FgZSdBaQXXpN0VuYSTDc,https://api.spotify.com/v1/tracks/24FgZSdBaQXXpN0VuYSTDc,https://api.spotify.com/v1/audio-analysis/24FgZSdBaQXXpN0VuYSTDc,162500,4
79,0.66,0.547,5,-8.182,0,0.0488,0.1,0.0,0.111,0.136,93.432,audio_features,20OHBUEU5ugofGDpd2KYTf,spotify:track:20OHBUEU5ugofGDpd2KYTf,https://api.spotify.com/v1/tracks/20OHBUEU5ugofGDpd2KYTf,https://api.spotify.com/v1/audio-analysis/20OHBUEU5ugofGDpd2KYTf,156500,3
80,0.656,0.939,10,-0.762,0,0.253,0.444,0.0481,0.0469,0.912,122.385,audio_features,5hG3xtRax4lX4gUTbK1UkP,spotify:track:5hG3xtRax4lX4gUTbK1UkP,https://api.spotify.com/v1/tracks/5hG3xtRax4lX4gUTbK1UkP,https://api.spotify.com/v1/audio-analysis/5hG3xtRax4lX4gUTbK1UkP,251613,4
81,0.881,0.706,7,-2.941,0,0.152,0.522,0.0,0.171,0.513,139.002,audio_features,0rmJCeOoTH673NPxw4CiqM,spotify:track:0rmJCeOoTH673NPxw4CiqM,https://api.spotify.com/v1/tracks/0rmJCeOoTH673NPxw4CiqM,https://api.spotify.com/v1/audio-analysis/0rmJCeOoTH673NPxw4CiqM,208147,4
82,0.901,0.807,8,-5.461,0,0.238,0.0349,6.5e-05,0.0405,0.894,128.08,audio_features,4LgYL1ttItQJgEnmHY9wST,spotify:track:4LgYL1ttItQJgEnmHY9wST,https://api.spotify.com/v1/tracks/4LgYL1ttItQJgEnmHY9wST,https://api.spotify.com/v1/audio-analysis/4LgYL1ttItQJgEnmHY9wST,210881,4
83,0.942,0.69,10,-8.205,0,0.0757,0.0132,0.017,0.063,0.792,125.001,audio_features,7MiA3RtXtEiPR8lEMI0i4G,spotify:track:7MiA3RtXtEiPR8lEMI0i4G,https://api.spotify.com/v1/tracks/7MiA3RtXtEiPR8lEMI0i4G,https://api.spotify.com/v1/audio-analysis/7MiA3RtXtEiPR8lEMI0i4G,226587,4
84,0.737,0.789,8,-5.57,0,0.061,0.443,0.0,0.63,0.581,143.094,audio_features,4J0dwMGNLmX4l59xRisiNT,spotify:track:4J0dwMGNLmX4l59xRisiNT,https://api.spotify.com/v1/tracks/4J0dwMGNLmX4l59xRisiNT,https://api.spotify.com/v1/audio-analysis/4J0dwMGNLmX4l59xRisiNT,216812,4
85,0.681,0.762,11,-4.981,0,0.0803,0.112,0.0,0.0901,0.825,179.922,audio_features,1ZuBUBl4LwU0TLUbC5rkNJ,spotify:track:1ZuBUBl4LwU0TLUbC5rkNJ,https://api.spotify.com/v1/tracks/1ZuBUBl4LwU0TLUbC5rkNJ,https://api.spotify.com/v1/audio-analysis/1ZuBUBl4LwU0TLUbC5rkNJ,178667,4
86,0.88,0.653,4,-5.788,0,0.177,0.00622,0.00613,0.0463,0.702,128.086,audio_features,7lRTSUr5aLu2cBcRcJpfHk,spotify:track:7lRTSUr5aLu2cBcRcJpfHk,https://api.spotify.com/v1/tracks/7lRTSUr5aLu2cBcRcJpfHk,https://api.spotify.com/v1/audio-analysis/7lRTSUr5aLu2cBcRcJpfHk,217987,4
87,0.794,0.714,1,-7.408,0,0.0648,0.376,0.0,0.18,0.727,129.987,audio_features,4RcMzaO0T8rP1cZfqayTpU,spotify:track:4RcMzaO0T8rP1cZfqayTpU,https://api.spotify.com/v1/tracks/4RcMzaO0T8rP1cZfqayTpU,https://api.spotify.com/v1/audio-analysis/4RcMzaO0T8rP1cZfqayTpU,209067,4
88,0.921,0.752,6,-4.876,0,0.251,0.0776,1.99e-05,0.0393,0.716,119.961,audio_features,3eDJUJq4AWZV7tACznMhXJ,spotify:track:3eDJUJq4AWZV7tACznMhXJ,https://api.spotify.com/v1/tracks/3eDJUJq4AWZV7tACznMhXJ,https://api.spotify.com/v1/audio-analysis/3eDJUJq4AWZV7tACznMhXJ,184946,4
89,0.701,0.863,2,-5.55,1,0.124,0.00529,0.0347,0.059,0.857,168.028,audio_features,0N7nbqVY4HgoQnyaoADmAM,spotify:track:0N7nbqVY4HgoQnyaoADmAM,https://api.spotify.com/v1/tracks/0N7nbqVY4HgoQnyaoADmAM,https://api.spotify.com/v1/audio-analysis/0N7nbqVY4HgoQnyaoADmAM,220000,4
90,0.952,0.846,4,-5.805,0,0.247,0.0515,1.26e-06,0.317,0.597,117.946,audio_features,7HR7MpHKZpnmdC7CVEhePh,spotify:track:7HR7MpHKZpnmdC7CVEhePh,https://api.spotify.com/v1/tracks/7HR7MpHKZpnmdC7CVEhePh,https://api.spotify.com/v1/audio-analysis/7HR7MpHKZpnmdC7CVEhePh,117053,4
91,0.931,0.932,0,-1.535,1,0.309,0.353,3.28e-05,0.0843,0.511,123.071,audio_features,6YRH8zh2KMbltmbSf4Qe1d,spotify:track:6YRH8zh2KMbltmbSf4Qe1d,https://api.spotify.com/v1/tracks/6YRH8zh2KMbltmbSf4Qe1d,https://api.spotify.com/v1/audio-analysis/6YRH8zh2KMbltmbSf4Qe1d,195596,4
92,0.817,0.808,7,-4.01,1,0.216,0.0434,0.0,0.125,0.617,100.044,audio_features,6m4hIAkxRTeJDPV6XsoBNR,spotify:track:6m4hIAkxRTeJDPV6XsoBNR,https://api.spotify.com/v1/tracks/6m4hIAkxRTeJDPV6XsoBNR,https://api.spotify.com/v1/audio-analysis/6m4hIAkxRTeJDPV6XsoBNR,282411,4
93,0.629,0.883,1,-4.882,1,0.25,0.248,0.000179,0.329,0.6,134.641,audio_features,3pfmXyxD0SzpVVMjK57x1r,spotify:track:3pfmXyxD0SzpVVMjK57x1r,https://api.spotify.com/v1/tracks/3pfmXyxD0SzpVVMjK57x1r,https://api.spotify.com/v1/audio-analysis/3pfmXyxD0SzpVVMjK57x1r,250510,4
94,0.919,0.907,10,-1.158,0,0.22,0.058,3.1e-05,0.0467,0.802,121.938,audio_features,1kzs05g4L7sADL1JCBVH1s,spotify:track:1kzs05g4L7sADL1JCBVH1s,https://api.spotify.com/v1/tracks/1kzs05g4L7sADL1JCBVH1s,https://api.spotify.com/v1/audio-analysis/1kzs05g4L7sADL1JCBVH1s,232151,4
95,0.542,0.847,5,-2.515,0,0.0496,0.0149,0.000532,0.0952,0.333,100.035,audio_features,7bDeSxA38xU0P1Pzot3WQm,spotify:track:7bDeSxA38xU0P1Pzot3WQm,https://api.spotify.com/v1/tracks/7bDeSxA38xU0P1Pzot3WQm,https://api.spotify.com/v1/audio-analysis/7bDeSxA38xU0P1Pzot3WQm,218406,4
96,0.857,0.74,9,-4.076,1,0.187,0.203,8.88e-05,0.0559,0.234,120.848,audio_features,4CwzrnPwasFox12WLTz6Wf,spotify:track:4CwzrnPwasFox12WLTz6Wf,https://api.spotify.com/v1/tracks/4CwzrnPwasFox12WLTz6Wf,https://api.spotify.com/v1/audio-analysis/4CwzrnPwasFox12WLTz6Wf,140494,4
97,0.868,0.828,11,-4.283,1,0.192,0.0311,1.69e-06,0.148,0.763,104.966,audio_features,43vpumD5K15N6Vb0kpuZCi,spotify:track:43vpumD5K15N6Vb0kpuZCi,https://api.spotify.com/v1/tracks/43vpumD5K15N6Vb0kpuZCi,https://api.spotify.com/v1/audio-analysis/43vpumD5K15N6Vb0kpuZCi,274840,4
98,0.918,0.752,0,-4.01,0,0.125,0.0434,1.77e-06,0.106,0.671,120.002,audio_features,1StjQHjCyI6xmC0Mihqmkl,spotify:track:1StjQHjCyI6xmC0Mihqmkl,https://api.spotify.com/v1/tracks/1StjQHjCyI6xmC0Mihqmkl,https://api.spotify.com/v1/audio-analysis/1StjQHjCyI6xmC0Mihqmkl,189523,4
99,0.817,0.803,10,-1.789,0,0.258,0.109,0.000637,0.441,0.517,123.121,audio_features,6P00nbm7byCND2pgWkNopd,spotify:track:6P00nbm7byCND2pgWkNopd,https://api.spotify.com/v1/tracks/6P00nbm7byCND2pgWkNopd,https://api.spotify.com/v1/audio-analysis/6P00nbm7byCND2pgWkNopd,275645,4
100,0.878,0.931,5,-1.17,0,0.0866,0.151,0.00408,0.0559,0.819,120.016,audio_features,3lSjcTblaKRbx4aHWXMWCH,spotify:track:3lSjcTblaKRbx4aHWXMWCH,https://api.spotify.com/v1/tracks/3lSjcTblaKRbx4aHWXMWCH,https://api.spotify.com/v1/audio-analysis/3lSjcTblaKRbx4aHWXMWCH,244000,4
101,0.913,0.86,1,-1.383,1,0.131,0.25,0.000226,0.261,0.736,120.022,audio_features,41ezMG36bvrbJaJpvlbDFf,spotify:track:41ezMG36bvrbJaJpvlbDFf,https://api.spotify.com/v1/tracks/41ezMG36bvrbJaJpvlbDFf,https://api.spotify.com/v1/audio-analysis/41ezMG36bvrbJaJpvlbDFf,230000,4
102,0.795,0.921,5,-3.762,0,0.26,0.0258,0.0,0.577,0.702,119.995,audio_features,6E77ppZLfCPdrfbIK2KLI8,spotify:track:6E77ppZLfCPdrfbIK2KLI8,https://api.spotify.com/v1/tracks/6E77ppZLfCPdrfbIK2KLI8,https://api.spotify.com/v1/audio-analysis/6E77ppZLfCPdrfbIK2KLI8,212840,4
103,0.818,0.678,11,-7.441,0,0.176,0.0285,1.66e-06,0.121,0.856,140.04,audio_features,6J7eGnU2ccuwac6P4YmOcy,spotify:track:6J7eGnU2ccuwac6P4YmOcy,https://api.spotify.com/v1/tracks/6J7eGnU2ccuwac6P4YmOcy,https://api.spotify.com/v1/audio-analysis/6J7eGnU2ccuwac6P4YmOcy,239480,4
104,0.601,0.727,6,-4.264,1,0.244,0.394,0.0,0.175,0.338,169.801,audio_features,0h94GnP9odhbOs6ph1UBqd,spotify:track:0h94GnP9odhbOs6ph1UBqd,https://api.spotify.com/v1/tracks/0h94GnP9odhbOs6ph1UBqd,https://api.spotify.com/v1/audio-analysis/0h94GnP9odhbOs6ph1UBqd,297369,4
105,0.698,0.627,11,-5.149,1,0.521,0.636,1.49e-06,0.178,0.539,170.115,audio_features,5hj6i8wM8jm2f5uWlCxw6I,spotify:track:5hj6i8wM8jm2f5uWlCxw6I,https://api.spotify.com/v1/tracks/5hj6i8wM8jm2f5uWlCxw6I,https://api.spotify.com/v1/audio-analysis/5hj6i8wM8jm2f5uWlCxw6I,220801,4
106,0.867,0.844,11,-2.768,0,0.259,0.0375,0.0,0.237,0.731,137.995,audio_features,52eBBUJW8E0aRgKmSWoA05,spotify:track:52eBBUJW8E0aRgKmSWoA05,https://api.spotify.com/v1/tracks/52eBBUJW8E0aRgKmSWoA05,https://api.spotify.com/v1/audio-analysis/52eBBUJW8E0aRgKmSWoA05,228467,4
107,0.942,0.834,10,-5.334,0,0.0752,0.0319,0.000137,0.116,0.923,122.021,audio_features,244KK3Gslw1YL0RmGt4zdA,spotify:track:244KK3Gslw1YL0RmGt4zdA,https://api.spotify.com/v1/tracks/244KK3Gslw1YL0RmGt4zdA,https://api.spotify.com/v1/audio-analysis/244KK3Gslw1YL0RmGt4zdA,194760,4
108,0.869,0.919,8,-2.417,1,0.223,0.221,0.000354,0.22,0.549,123.997,audio_features,3m7vxaQ2h9z94Rq4OjVift,spotify:track:3m7vxaQ2h9z94Rq4OjVift,https://api.spotify.com/v1/tracks/3m7vxaQ2h9z94Rq4OjVift,https://api.spotify.com/v1/audio-analysis/3m7vxaQ2h9z94Rq4OjVift,212903,4
109,0.802,0.742,10,-4.347,0,0.173,0.242,0.0,0.107,0.506,89.035,audio_features,6gv565xQpiHTY32i9rouuh,spotify:track:6gv565xQpiHTY32i9rouuh,https://api.spotify.com/v1/tracks/6gv565xQpiHTY32i9rouuh,https://api.spotify.com/v1/audio-analysis/6gv565xQpiHTY32i9rouuh,284134,4
110,0.878,0.853,11,-3.287,1,0.143,0.0255,0.000645,0.566,0.832,109.926,audio_features,2jBlDIG1zQwF9XBQqxAv5O,spotify:track:2jBlDIG1zQwF9XBQqxAv5O,https://api.spotify.com/v1/tracks/2jBlDIG1zQwF9XBQqxAv5O,https://api.spotify.com/v1/audio-analysis/2jBlDIG1zQwF9XBQqxAv5O,250749,4
111,0.878,0.828,8,-3.216,1,0.336,0.14,0.000156,0.585,0.646,125.04,audio_features,6SFnPT4nfYpfVRaJJwvfQG,spotify:track:6SFnPT4nfYpfVRaJJwvfQG,https://api.spotify.com/v1/tracks/6SFnPT4nfYpfVRaJJwvfQG,https://api.spotify.com/v1/audio-analysis/6SFnPT4nfYpfVRaJJwvfQG,200808,4
112,0.619,0.68,11,-5.804,1,0.328,0.159,3.61e-06,0.178,0.588,82.487,audio_features,4RG1T9AqbSmOBQlUpbY50s,spotify:track:4RG1T9AqbSmOBQlUpbY50s,https://api.spotify.com/v1/tracks/4RG1T9AqbSmOBQlUpbY50s,https://api.spotify.com/v1/audio-analysis/4RG1T9AqbSmOBQlUpbY50s,305824,4
113,0.828,0.513,7,-8.074,1,0.0783,0.236,0.0031,0.125,0.567,94.965,audio_features,34XJSwPrx60AWVFNYDWwsS,spotify:track:34XJSwPrx60AWVFNYDWwsS,https://api.spotify.com/v1/tracks/34XJSwPrx60AWVFNYDWwsS,https://api.spotify.com/v1/audio-analysis/34XJSwPrx60AWVFNYDWwsS,157920,4
114,0.624,0.76,7,-4.691,0,0.42,0.328,0.0,0.0906,0.482,106.164,audio_features,3Kx9laDpGOK5nmuAMgALrf,spotify:track:3Kx9laDpGOK5nmuAMgALrf,https://api.spotify.com/v1/tracks/3Kx9laDpGOK5nmuAMgALrf,https://api.spotify.com/v1/audio-analysis/3Kx9laDpGOK5nmuAMgALrf,230955,4
115,0.725,0.536,8,-8.924,1,0.0463,0.174,1.17e-06,0.153,0.531,153.561,audio_features,71meXpIGrmV3Z2jUNnEv8l,spotify:track:71meXpIGrmV3Z2jUNnEv8l,https://api.spotify.com/v1/tracks/71meXpIGrmV3Z2jUNnEv8l,https://api.spotify.com/v1/audio-analysis/71meXpIGrmV3Z2jUNnEv8l,306410,4
116,0.761,0.573,9,-6.151,0,0.349,0.571,0.0,0.0575,0.803,160.383,audio_features,17dNvMfueWbOhNqMN2rRIm,spotify:track:17dNvMfueWbOhNqMN2rRIm,https://api.spotify.com/v1/tracks/17dNvMfueWbOhNqMN2rRIm,https://api.spotify.com/v1/audio-analysis/17dNvMfueWbOhNqMN2rRIm,194640,4
117,0.917,0.823,1,-3.572,1,0.0764,0.185,0.000168,0.223,0.926,107.016,audio_features,6NFYM779eoWZ59OOMi1qLp,spotify:track:6NFYM779eoWZ59OOMi1qLp,https://api.spotify.com/v1/tracks/6NFYM779eoWZ59OOMi1qLp,https://api.spotify.com/v1/audio-analysis/6NFYM779eoWZ59OOMi1qLp,234953,4
118,0.69,0.985,1,-1.269,1,0.53,0.124,0.0,0.0944,0.676,230.008,audio_features,5h2E7FBk7BraDCjySJTV5y,spotify:track:5h2E7FBk7BraDCjySJTV5y,https://api.spotify.com/v1/tracks/5h2E7FBk7BraDCjySJTV5y,https://api.spotify.com/v1/audio-analysis/5h2E7FBk7BraDCjySJTV5y,185880,4
119,0.801,0.785,6,-3.895,1,0.343,0.267,0.0,0.0647,0.902,97.828,audio_features,5ldrlXHvzAb1oBgbQJa4bk,spotify:track:5ldrlXHvzAb1oBgbQJa4bk,https://api.spotify.com/v1/tracks/5ldrlXHvzAb1oBgbQJa4bk,https://api.spotify.com/v1/audio-analysis/5ldrlXHvzAb1oBgbQJa4bk,279184,4
120,0.931,0.932,0,-1.535,1,0.309,0.353,3.28e-05,0.0843,0.511,123.071,audio_features,6YRH8zh2KMbltmbSf4Qe1d,spotify:track:6YRH8zh2KMbltmbSf4Qe1d,https://api.spotify.com/v1/tracks/6YRH8zh2KMbltmbSf4Qe1d,https://api.spotify.com/v1/audio-analysis/6YRH8zh2KMbltmbSf4Qe1d,195596,4
121,0.739,0.826,1,-5.819,1,0.0836,0.314,0.571,0.116,0.675,115.163,audio_features,4mkKxj7pc3QNCuiXZRP0qD,spotify:track:4mkKxj7pc3QNCuiXZRP0qD,https://api.spotify.com/v1/tracks/4mkKxj7pc3QNCuiXZRP0qD,https://api.spotify.com/v1/audio-analysis/4mkKxj7pc3QNCuiXZRP0qD,173322,4
122,0.629,0.883,1,-4.882,1,0.25,0.248,0.000179,0.329,0.6,134.641,audio_features,3pfmXyxD0SzpVVMjK57x1r,spotify:track:3pfmXyxD0SzpVVMjK57x1r,https://api.spotify.com/v1/tracks/3pfmXyxD0SzpVVMjK57x1r,https://api.spotify.com/v1/audio-analysis/3pfmXyxD0SzpVVMjK57x1r,250510,4
123,0.847,0.75,10,-3.274,0,0.127,0.0931,0.00739,0.366,0.528,122.022,audio_features,15f7OgSGn8g36CHvQSToza,spotify:track:15f7OgSGn8g36CHvQSToza,https://api.spotify.com/v1/tracks/15f7OgSGn8g36CHvQSToza,https://api.spotify.com/v1/audio-analysis/15f7OgSGn8g36CHvQSToza,188893,4
124,0.932,0.898,1,-4.376,1,0.093,0.176,6.33e-06,0.0874,0.756,110.034,audio_features,2lBcOUfEHhXgGfySoP9yMo,spotify:track:2lBcOUfEHhXgGfySoP9yMo,https://api.spotify.com/v1/tracks/2lBcOUfEHhXgGfySoP9yMo,https://api.spotify.com/v1/audio-analysis/2lBcOUfEHhXgGfySoP9yMo,216999,4
125,0.897,0.835,6,-5.899,1,0.108,0.0626,0.00268,0.307,0.745,119.969,audio_features,7jACVdsThGi8kuQYmgQd0q,spotify:track:7jACVdsThGi8kuQYmgQd0q,https://api.spotify.com/v1/tracks/7jACVdsThGi8kuQYmgQd0q,https://api.spotify.com/v1/audio-analysis/7jACVdsThGi8kuQYmgQd0q,152503,4
126,0.874,0.759,1,-7.939,1,0.178,0.271,0.0176,0.39,0.867,95.983,audio_features,5iOZWIifn61GYHTRQ6j9CP,spotify:track:5iOZWIifn61GYHTRQ6j9CP,https://api.spotify.com/v1/tracks/5iOZWIifn61GYHTRQ6j9CP,https://api.spotify.com/v1/audio-analysis/5iOZWIifn61GYHTRQ6j9CP,203692,4
127,0.724,0.716,8,-5.687,0,0.297,0.332,0.0,0.111,0.301,95.966,audio_features,70Zajj2ufgawvNqDCy3BGP,spotify:track:70Zajj2ufgawvNqDCy3BGP,https://api.spotify.com/v1/tracks/70Zajj2ufgawvNqDCy3BGP,https://api.spotify.com/v1/audio-analysis/70Zajj2ufgawvNqDCy3BGP,201718,4
128,0.748,0.783,1,-6.343,0,0.0705,0.116,3.67e-05,0.36,0.758,85.009,audio_features,6MEaXOyNOzLYDk4s0wmVKu,spotify:track:6MEaXOyNOzLYDk4s0wmVKu,https://api.spotify.com/v1/tracks/6MEaXOyNOzLYDk4s0wmVKu,https://api.spotify.com/v1/audio-analysis/6MEaXOyNOzLYDk4s0wmVKu,213917,4
129,0.875,0.92,1,-2.79,1,0.153,0.471,0.0,0.623,0.896,113.0,audio_features,1ZFRLTfWMgtfa9suxR79dp,spotify:track:1ZFRLTfWMgtfa9suxR79dp,https://api.spotify.com/v1/tracks/1ZFRLTfWMgtfa9suxR79dp,https://api.spotify.com/v1/audio-analysis/1ZFRLTfWMgtfa9suxR79dp,141125,4
130,0.764,0.772,9,-4.297,1,0.214,0.254,0.0,0.226,0.648,108.09,audio_features,0UyOxy7uZEL3uvIKSVOp44,spotify:track:0UyOxy7uZEL3uvIKSVOp44,https://api.spotify.com/v1/tracks/0UyOxy7uZEL3uvIKSVOp44,https://api.spotify.com/v1/audio-analysis/0UyOxy7uZEL3uvIKSVOp44,201561,4
131,0.703,0.869,10,-2.779,0,0.291,0.695,0.0,0.129,0.773,92.129,audio_features,390mMX0DdFOaN6eeH7HwBN,spotify:track:390mMX0DdFOaN6eeH7HwBN,https://api.spotify.com/v1/tracks/390mMX0DdFOaN6eeH7HwBN,https://api.spotify.com/v1/audio-analysis/390mMX0DdFOaN6eeH7HwBN,252970,4
132,0.652,0.854,9,-6.077,0,0.0768,0.307,0.0,0.0605,0.903,93.059,audio_features,0cm86dyk6N77qzW4zGbMe1,spotify:track:0cm86dyk6N77qzW4zGbMe1,https://api.spotify.com/v1/tracks/0cm86dyk6N77qzW4zGbMe1,https://api.spotify.com/v1/audio-analysis/0cm86dyk6N77qzW4zGbMe1,196545,4
133,0.642,0.564,9,-8.564,1,0.159,0.751,0.0,0.133,0.492,159.914,audio_features,6shRLJtMmwEdLGrCHW250H,spotify:track:6shRLJtMmwEdLGrCHW250H,https://api.spotify.com/v1/tracks/6shRLJtMmwEdLGrCHW250H,https://api.spotify.com/v1/audio-analysis/6shRLJtMmwEdLGrCHW250H,221331,4
134,0.814,0.55,6,-5.461,0,0.181,0.0278,0.0,0.108,0.597,89.99,audio_features,4N1SUJE2vp2gkmG9xHbaHM,spotify:track:4N1SUJE2vp2gkmG9xHbaHM,https://api.spotify.com/v1/tracks/4N1SUJE2vp2gkmG9xHbaHM,https://api.spotify.com/v1/audio-analysis/4N1SUJE2vp2gkmG9xHbaHM,205347,4
135,0.828,0.874,0,-4.372,1,0.133,0.152,0.0,0.0569,0.855,105.966,audio_features,2UTizhOevUUIci91XcLBJA,spotify:track:2UTizhOevUUIci91XcLBJA,https://api.spotify.com/v1/tracks/2UTizhOevUUIci91XcLBJA,https://api.spotify.com/v1/audio-analysis/2UTizhOevUUIci91XcLBJA,195500,4
136,0.86,0.801,7,-4.758,1,0.183,0.0189,0.0109,0.344,0.454,109.039,audio_features,3hDD5EhhH9bxXEEuwsyQT8,spotify:track:3hDD5EhhH9bxXEEuwsyQT8,https://api.spotify.com/v1/tracks/3hDD5EhhH9bxXEEuwsyQT8,https://api.spotify.com/v1/audio-analysis/3hDD5EhhH9bxXEEuwsyQT8,171442,4
137,0.841,0.772,10,-4.32,0,0.0625,0.112,2.58e-05,0.619,0.171,122.081,audio_features,0nGzFcjJjClWr3y4fcWVJI,spotify:track:0nGzFcjJjClWr3y4fcWVJI,https://api.spotify.com/v1/tracks/0nGzFcjJjClWr3y4fcWVJI,https://api.spotify.com/v1/audio-analysis/0nGzFcjJjClWr3y4fcWVJI,171773,4
138,0.827,0.554,5,-6.039,0,0.274,0.352,0.0,0.306,0.697,104.076,audio_features,0tmfuktHn1lnzydE8T5HWA,spotify:track:0tmfuktHn1lnzydE8T5HWA,https://api.spotify.com/v1/tracks/0tmfuktHn1lnzydE8T5HWA,https://api.spotify.com/v1/audio-analysis/0tmfuktHn1lnzydE8T5HWA,174730,4
139,0.632,0.632,9,-8.305,0,0.0948,0.359,0.0,0.117,0.573,120.125,audio_features,4Lb8Si1K9zsOfF2xmiJhbO,spotify:track:4Lb8Si1K9zsOfF2xmiJhbO,https://api.spotify.com/v1/tracks/4Lb8Si1K9zsOfF2xmiJhbO,https://api.spotify.com/v1/audio-analysis/4Lb8Si1K9zsOfF2xmiJhbO,182126,4
140,0.853,0.724,7,-4.22,1,0.0712,0.289,0.0,0.687,0.6,121.989,audio_features,2Iv7PCElmi1dZfzHWzMczA,spotify:track:2Iv7PCElmi1dZfzHWzMczA,https://api.spotify.com/v1/tracks/2Iv7PCElmi1dZfzHWzMczA,https://api.spotify.com/v1/audio-analysis/2Iv7PCElmi1dZfzHWzMczA,165995,4
141,0.736,0.96,11,-3.835,0,0.0533,0.0545,0.163,0.24,0.833,117.014,audio_features,5uNOpdHMpFV9RxZ0qgNGcD,spotify:track:5uNOpdHMpFV9RxZ0qgNGcD,https://api.spotify.com/v1/tracks/5uNOpdHMpFV9RxZ0qgNGcD,https://api.spotify.com/v1/audio-analysis/5uNOpdHMpFV9RxZ0qgNGcD,235897,4
142,0.736,0.683,6,-5.81,1,0.245,0.0733,0.000142,0.0505,0.767,192.063,audio_features,4kxELPk1Je0OXgiYnVhqSs,spotify:track:4kxELPk1Je0OXgiYnVhqSs,https://api.spotify.com/v1/tracks/4kxELPk1Je0OXgiYnVhqSs,https://api.spotify.com/v1/audio-analysis/4kxELPk1Je0OXgiYnVhqSs,115391,4
143,0.808,0.651,1,-4.285,0,0.0625,0.055,0.000518,0.0801,0.491,102.023,audio_features,63FVUiJ5vaaPlrFG28oPZT,spotify:track:63FVUiJ5vaaPlrFG28oPZT,https://api.spotify.com/v1/tracks/63FVUiJ5vaaPlrFG28oPZT,https://api.spotify.com/v1/audio-analysis/63FVUiJ5vaaPlrFG28oPZT,192941,4
144,0.791,0.691,7,-7.505,1,0.0595,0.014,0.0,0.159,0.658,116.984,audio_features,0kEzIodWrEDtpKS0EYI99X,spotify:track:0kEzIodWrEDtpKS0EYI99X,https://api.spotify.com/v1/tracks/0kEzIodWrEDtpKS0EYI99X,https://api.spotify.com/v1/audio-analysis/0kEzIodWrEDtpKS0EYI99X,193974,4
145,0.815,0.693,2,-6.298,0,0.0782,0.0654,0.000445,0.0714,0.803,126.01,audio_features,4Q6Z7fn2xVhPZ1xn0XfEOY,spotify:track:4Q6Z7fn2xVhPZ1xn0XfEOY,https://api.spotify.com/v1/tracks/4Q6Z7fn2xVhPZ1xn0XfEOY,https://api.spotify.com/v1/audio-analysis/4Q6Z7fn2xVhPZ1xn0XfEOY,237042,4
146,0.794,0.814,11,-4.921,1,0.161,0.107,6.98e-06,0.131,0.826,105.018,audio_features,42sMYgin1f4iFDzo47LyOE,spotify:track:42sMYgin1f4iFDzo47LyOE,https://api.spotify.com/v1/tracks/42sMYgin1f4iFDzo47LyOE,https://api.spotify.com/v1/audio-analysis/42sMYgin1f4iFDzo47LyOE,194529,4
147,0.87,0.823,1,-3.993,0,0.0676,0.0227,0.000537,0.0773,0.705,120.022,audio_features,6S5TzrDnSNzHwFArQVosrU,spotify:track:6S5TzrDnSNzHwFArQVosrU,https://api.spotify.com/v1/tracks/6S5TzrDnSNzHwFArQVosrU,https://api.spotify.com/v1/audio-analysis/6S5TzrDnSNzHwFArQVosrU,172000,4
148,0.799,0.595,2,-7.015,1,0.193,0.259,0.0,0.344,0.555,120.06,audio_features,3LgtCt7CVhMvNSMGoQD9i1,spotify:track:3LgtCt7CVhMvNSMGoQD9i1,https://api.spotify.com/v1/tracks/3LgtCt7CVhMvNSMGoQD9i1,https://api.spotify.com/v1/audio-analysis/3LgtCt7CVhMvNSMGoQD9i1,328000,4
149,0.874,0.668,11,-11.258,0,0.0675,0.0251,0.00128,0.0725,0.712,108.015,audio_features,6jiRUFbYQ7JU6dN5WtnR28,spotify:track:6jiRUFbYQ7JU6dN5WtnR28,https://api.spotify.com/v1/tracks/6jiRUFbYQ7JU6dN5WtnR28,https://api.spotify.com/v1/audio-analysis/6jiRUFbYQ7JU6dN5WtnR28,181817,4
150,0.888,0.916,9,-2.196,1,0.0922,0.165,4.36e-06,0.0519,0.96,130.04,audio_features,71NGDQ9vSPXm55pyWeAxKK,spotify:track:71NGDQ9vSPXm55pyWeAxKK,https://api.spotify.com/v1/tracks/71NGDQ9vSPXm55pyWeAxKK,https://api.spotify.com/v1/audio-analysis/71NGDQ9vSPXm55pyWeAxKK,210528,4
151,0.883,0.83,6,-1.882,0,0.0591,0.297,0.000105,0.405,0.796,125.058,audio_features,48HoWzu1Fe4QHUSilVHJGy,spotify:track:48HoWzu1Fe4QHUSilVHJGy,https://api.spotify.com/v1/tracks/48HoWzu1Fe4QHUSilVHJGy,https://api.spotify.com/v1/audio-analysis/48HoWzu1Fe4QHUSilVHJGy,186240,4
152,0.866,0.84,4,-2.591,1,0.04,0.529,0.000331,0.0514,0.936,127.996,audio_features,4D3RlFtxWG1vcgddoovAsN,spotify:track:4D3RlFtxWG1vcgddoovAsN,https://api.spotify.com/v1/tracks/4D3RlFtxWG1vcgddoovAsN,https://api.spotify.com/v1/audio-analysis/4D3RlFtxWG1vcgddoovAsN,219402,4
153,0.859,0.791,7,-5.293,1,0.0576,0.325,3.88e-05,0.1,0.635,123.021,audio_features,7EgZdnwpSerKvFB8kkbnwG,spotify:track:7EgZdnwpSerKvFB8kkbnwG,https://api.spotify.com/v1/tracks/7EgZdnwpSerKvFB8kkbnwG,https://api.spotify.com/v1/audio-analysis/7EgZdnwpSerKvFB8kkbnwG,206872,4
154,0.56,0.99,4,-2.291,0,0.265,0.265,0.0,0.154,0.947,152.31,audio_features,6jqFyYXR54RHHo3S18rjab,spotify:track:6jqFyYXR54RHHo3S18rjab,https://api.spotify.com/v1/tracks/6jqFyYXR54RHHo3S18rjab,https://api.spotify.com/v1/audio-analysis/6jqFyYXR54RHHo3S18rjab,186802,5
155,0.888,0.683,2,-8.491,1,0.175,0.48,0.0,0.245,0.693,110.045,audio_features,5xGtnjJ6eaioRtV6hcHqY0,spotify:track:5xGtnjJ6eaioRtV6hcHqY0,https://api.spotify.com/v1/tracks/5xGtnjJ6eaioRtV6hcHqY0,https://api.spotify.com/v1/audio-analysis/5xGtnjJ6eaioRtV6hcHqY0,211226,4
156,0.885,0.805,5,-3.726,1,0.0541,0.393,8.9e-05,0.0578,0.536,122.967,audio_features,1SKZ2kmLyRZUkIw9zq9RLL,spotify:track:1SKZ2kmLyRZUkIw9zq9RLL,https://api.spotify.com/v1/tracks/1SKZ2kmLyRZUkIw9zq9RLL,https://api.spotify.com/v1/audio-analysis/1SKZ2kmLyRZUkIw9zq9RLL,177633,4
157,0.856,0.883,1,-3.354,1,0.0641,0.282,0.00358,0.0335,0.705,125.088,audio_features,0kBtkRLoFGQJcnivHh7kwb,spotify:track:0kBtkRLoFGQJcnivHh7kwb,https://api.spotify.com/v1/tracks/0kBtkRLoFGQJcnivHh7kwb,https://api.spotify.com/v1/audio-analysis/0kBtkRLoFGQJcnivHh7kwb,162847,4
158,0.863,0.891,6,-3.12,1,0.071,0.346,0.0081,0.0383,0.91,130.053,audio_features,6s75l2BGSbPTyU7SEs63in,spotify:track:6s75l2BGSbPTyU7SEs63in,https://api.spotify.com/v1/tracks/6s75l2BGSbPTyU7SEs63in,https://api.spotify.com/v1/audio-analysis/6s75l2BGSbPTyU7SEs63in,147853,4
159,0.837,0.901,9,-2.81,1,0.0594,0.0948,5.55e-05,0.182,0.944,132.037,audio_features,1IOCIQ8mhFV42YdacEog1j,spotify:track:1IOCIQ8mhFV42YdacEog1j,https://api.spotify.com/v1/tracks/1IOCIQ8mhFV42YdacEog1j,https://api.spotify.com/v1/audio-analysis/1IOCIQ8mhFV42YdacEog1j,176039,4
160,0.889,0.661,6,-4.266,1,0.0842,0.0106,0.00427,0.29,0.759,120.024,audio_features,41VSKd0QWCCSLo3qiR39sp,spotify:track:41VSKd0QWCCSLo3qiR39sp,https://api.spotify.com/v1/tracks/41VSKd0QWCCSLo3qiR39sp,https://api.spotify.com/v1/audio-analysis/41VSKd0QWCCSLo3qiR39sp,217000,4
161,0.909,0.905,1,-5.516,1,0.11,0.645,0.0225,0.669,0.736,118.05,audio_features,3XZAJFdEANpxSH7tH7p2RG,spotify:track:3XZAJFdEANpxSH7tH7p2RG,https://api.spotify.com/v1/tracks/3XZAJFdEANpxSH7tH7p2RG,https://api.spotify.com/v1/audio-analysis/3XZAJFdEANpxSH7tH7p2RG,289677,4
162,0.949,0.864,1,-2.63,1,0.0621,0.232,0.0,0.34,0.652,119.97,audio_features,5N8yKD8bwjxK8NCk54dWiw,spotify:track:5N8yKD8bwjxK8NCk54dWiw,https://api.spotify.com/v1/tracks/5N8yKD8bwjxK8NCk54dWiw,https://api.spotify.com/v1/audio-analysis/5N8yKD8bwjxK8NCk54dWiw,238080,4
163,0.65,0.9,6,-7.074,0,0.475,0.149,0.0,0.305,0.732,89.994,audio_features,4oZEZbc72VrUuOv40K1wZp,spotify:track:4oZEZbc72VrUuOv40K1wZp,https://api.spotify.com/v1/tracks/4oZEZbc72VrUuOv40K1wZp,https://api.spotify.com/v1/audio-analysis/4oZEZbc72VrUuOv40K1wZp,475594,4
164,0.83,0.818,10,-9.428,0,0.0538,0.152,0.000119,0.111,0.836,103.096,audio_features,571U5kPpRNcIHnKdxMDtKj,spotify:track:571U5kPpRNcIHnKdxMDtKj,https://api.spotify.com/v1/tracks/571U5kPpRNcIHnKdxMDtKj,https://api.spotify.com/v1/audio-analysis/571U5kPpRNcIHnKdxMDtKj,173640,4
165,0.877,0.895,10,-2.78,0,0.164,0.0952,0.000149,0.147,0.716,118.008,audio_features,1ICksYIrVxAHVmjRRfKA2a,spotify:track:1ICksYIrVxAHVmjRRfKA2a,https://api.spotify.com/v1/tracks/1ICksYIrVxAHVmjRRfKA2a,https://api.spotify.com/v1/audio-analysis/1ICksYIrVxAHVmjRRfKA2a,186000,4
166,0.868,0.88,0,-4.359,1,0.0665,0.0665,0.0011,0.31,0.855,110.029,audio_features,47N2SQ3U8U64msXbrQLoI3,spotify:track:47N2SQ3U8U64msXbrQLoI3,https://api.spotify.com/v1/tracks/47N2SQ3U8U64msXbrQLoI3,https://api.spotify.com/v1/audio-analysis/47N2SQ3U8U64msXbrQLoI3,142915,4
167,0.828,0.975,1,-3.244,1,0.105,0.601,0.00479,0.0472,0.745,116.976,audio_features,2bdUYaE0eJBCi0h2ImMZ0I,spotify:track:2bdUYaE0eJBCi0h2ImMZ0I,https://api.spotify.com/v1/tracks/2bdUYaE0eJBCi0h2ImMZ0I,https://api.spotify.com/v1/audio-analysis/2bdUYaE0eJBCi0h2ImMZ0I,128261,4
168,0.807,0.835,1,-5.287,1,0.0978,0.303,0.0178,0.0564,0.556,114.009,audio_features,2hp2qSBGwhL2Ci3GLdKfN6,spotify:track:2hp2qSBGwhL2Ci3GLdKfN6,https://api.spotify.com/v1/tracks/2hp2qSBGwhL2Ci3GLdKfN6,https://api.spotify.com/v1/audio-analysis/2hp2qSBGwhL2Ci3GLdKfN6,174733,4
169,0.862,0.765,11,-8.322,0,0.0568,0.214,3.92e-06,0.085,0.881,103.041,audio_features,6tBuWE1vz2OUUccxEQTjlG,spotify:track:6tBuWE1vz2OUUccxEQTjlG,https://api.spotify.com/v1/tracks/6tBuWE1vz2OUUccxEQTjlG,https://api.spotify.com/v1/audio-analysis/6tBuWE1vz2OUUccxEQTjlG,259997,4
170,0.741,0.66,4,-8.066,0,0.475,0.118,0.0,0.115,0.814,57.753,audio_features,6Mm4e4HsRbYHBxYUz2voRf,spotify:track:6Mm4e4HsRbYHBxYUz2voRf,https://api.spotify.com/v1/tracks/6Mm4e4HsRbYHBxYUz2voRf,https://api.spotify.com/v1/audio-analysis/6Mm4e4HsRbYHBxYUz2voRf,180645,5
171,0.654,0.721,9,-5.397,0,0.114,0.428,0.0,0.0919,0.371,179.999,audio_features,2bbha2Cvy1YbjJCws5vyex,spotify:track:2bbha2Cvy1YbjJCws5vyex,https://api.spotify.com/v1/tracks/2bbha2Cvy1YbjJCws5vyex,https://api.spotify.com/v1/audio-analysis/2bbha2Cvy1YbjJCws5vyex,214544,4
172,0.735,0.78,0,-6.154,1,0.381,0.337,0.0,0.349,0.826,98.057,audio_features,7kIP60tCZ6XlAtSbJjGlhU,spotify:track:7kIP60tCZ6XlAtSbJjGlhU,https://api.spotify.com/v1/tracks/7kIP60tCZ6XlAtSbJjGlhU,https://api.spotify.com/v1/audio-analysis/7kIP60tCZ6XlAtSbJjGlhU,707595,4
173,0.817,0.489,5,-10.564,1,0.0947,0.896,0.00904,0.128,0.843,97.789,audio_features,1C4MgPWoUlLqPmz3cLOjzP,spotify:track:1C4MgPWoUlLqPmz3cLOjzP,https://api.spotify.com/v1/tracks/1C4MgPWoUlLqPmz3cLOjzP,https://api.spotify.com/v1/audio-analysis/1C4MgPWoUlLqPmz3cLOjzP,221773,4
174,0.769,0.86,0,-3.341,1,0.375,0.345,0.0,0.65,0.833,98.044,audio_features,3SOY1DKorxsNPreFiuPwZ1,spotify:track:3SOY1DKorxsNPreFiuPwZ1,https://api.spotify.com/v1/tracks/3SOY1DKorxsNPreFiuPwZ1,https://api.spotify.com/v1/audio-analysis/3SOY1DKorxsNPreFiuPwZ1,370338,4
175,0.739,0.837,0,-4.842,0,0.132,0.259,0.0,0.171,0.775,100.061,audio_features,1fktqEnilKuUGqyFy1UkyJ,spotify:track:1fktqEnilKuUGqyFy1UkyJ,https://api.spotify.com/v1/tracks/1fktqEnilKuUGqyFy1UkyJ,https://api.spotify.com/v1/audio-analysis/1fktqEnilKuUGqyFy1UkyJ,202960,4
176,0.857,0.622,2,-8.821,1,0.208,0.106,0.000526,0.0695,0.811,95.012,audio_features,54s44Bp3oszvCBHp8HpdLK,spotify:track:54s44Bp3oszvCBHp8HpdLK,https://api.spotify.com/v1/tracks/54s44Bp3oszvCBHp8HpdLK,https://api.spotify.com/v1/audio-analysis/54s44Bp3oszvCBHp8HpdLK,172216,4
177,0.627,0.763,7,-6.056,0,0.0928,0.112,0.0,0.258,0.239,94.043,audio_features,7FRmRaAFikqgemdqJ1mCV4,spotify:track:7FRmRaAFikqgemdqJ1mCV4,https://api.spotify.com/v1/tracks/7FRmRaAFikqgemdqJ1mCV4,https://api.spotify.com/v1/audio-analysis/7FRmRaAFikqgemdqJ1mCV4,251507,4
178,0.647,0.752,3,-7.362,1,0.0446,0.494,0.0,0.275,0.694,80.0,audio_features,30IyCkSwdkspai8HijmAQN,spotify:track:30IyCkSwdkspai8HijmAQN,https://api.spotify.com/v1/tracks/30IyCkSwdkspai8HijmAQN,https://api.spotify.com/v1/audio-analysis/30IyCkSwdkspai8HijmAQN,225907,4
179,0.828,0.593,4,-9.042,1,0.209,0.0802,0.0,0.449,0.542,142.991,audio_features,6tEC6pjuQBtPY3mHBvRUnt,spotify:track:6tEC6pjuQBtPY3mHBvRUnt,https://api.spotify.com/v1/tracks/6tEC6pjuQBtPY3mHBvRUnt,https://api.spotify.com/v1/audio-analysis/6tEC6pjuQBtPY3mHBvRUnt,244527,4
180,0.95,0.681,10,-3.256,0,0.113,0.0436,0.000412,0.316,0.579,118.072,audio_features,6v3uWYfmamDBjB9gylwDwl,spotify:track:6v3uWYfmamDBjB9gylwDwl,https://api.spotify.com/v1/tracks/6v3uWYfmamDBjB9gylwDwl,https://api.spotify.com/v1/audio-analysis/6v3uWYfmamDBjB9gylwDwl,152797,4
181,0.72,0.709,9,-1.96,1,0.316,0.387,0.00225,0.106,0.844,189.983,audio_features,04xO5tBqr6XYdauPIsLWTC,spotify:track:04xO5tBqr6XYdauPIsLWTC,https://api.spotify.com/v1/tracks/04xO5tBqr6XYdauPIsLWTC,https://api.spotify.com/v1/audio-analysis/04xO5tBqr6XYdauPIsLWTC,224853,4
182,0.747,0.77,2,-4.431,1,0.28,0.384,0.000103,0.0604,0.708,97.013,audio_features,1Rt9KDQJsHZcUnaVv5Qili,spotify:track:1Rt9KDQJsHZcUnaVv5Qili,https://api.spotify.com/v1/tracks/1Rt9KDQJsHZcUnaVv5Qili,https://api.spotify.com/v1/audio-analysis/1Rt9KDQJsHZcUnaVv5Qili,219181,4
183,0.644,0.694,5,-3.461,1,0.324,0.165,0.0,0.0559,0.747,191.907,audio_features,7azK5cwtA3F9YsNtHUITEf,spotify:track:7azK5cwtA3F9YsNtHUITEf,https://api.spotify.com/v1/tracks/7azK5cwtA3F9YsNtHUITEf,https://api.spotify.com/v1/audio-analysis/7azK5cwtA3F9YsNtHUITEf,230053,4
184,0.788,0.5,1,-5.867,0,0.262,0.333,0.0,0.574,0.811,96.002,audio_features,6RGY7WKvKnUUHYzSAtPXyI,spotify:track:6RGY7WKvKnUUHYzSAtPXyI,https://api.spotify.com/v1/tracks/6RGY7WKvKnUUHYzSAtPXyI,https://api.spotify.com/v1/audio-analysis/6RGY7WKvKnUUHYzSAtPXyI,205600,4
185,0.938,0.905,1,-1.956,1,0.19,0.36,0.000265,0.112,0.94,115.059,audio_features,5CMYuOwdkbwCGz9QY1nII6,spotify:track:5CMYuOwdkbwCGz9QY1nII6,https://api.spotify.com/v1/tracks/5CMYuOwdkbwCGz9QY1nII6,https://api.spotify.com/v1/audio-analysis/5CMYuOwdkbwCGz9QY1nII6,227000,4
186,0.802,0.959,4,-0.262,0,0.335,0.00397,0.00303,0.107,0.711,120.233,audio_features,2fkQCc98rU6m6aIg5kMe2U,spotify:track:2fkQCc98rU6m6aIg5kMe2U,https://api.spotify.com/v1/tracks/2fkQCc98rU6m6aIg5kMe2U,https://api.spotify.com/v1/audio-analysis/2fkQCc98rU6m6aIg5kMe2U,230029,4
187,0.657,0.674,9,-5.532,1,0.357,0.379,0.0,0.0668,0.681,93.837,audio_features,4ypv7dnKGGMsMuFevN1OE7,spotify:track:4ypv7dnKGGMsMuFevN1OE7,https://api.spotify.com/v1/tracks/4ypv7dnKGGMsMuFevN1OE7,https://api.spotify.com/v1/audio-analysis/4ypv7dnKGGMsMuFevN1OE7,261867,4
188,0.569,0.809,9,-4.047,0,0.37,0.142,0.0,0.198,0.813,126.832,audio_features,0BRDTOOPHuKPvLx5j9qsAB,spotify:track:0BRDTOOPHuKPvLx5j9qsAB,https://api.spotify.com/v1/tracks/0BRDTOOPHuKPvLx5j9qsAB,https://api.spotify.com/v1/audio-analysis/0BRDTOOPHuKPvLx5j9qsAB,212507,5
189,0.827,0.612,8,-1.663,1,0.103,0.165,7.37e-05,0.206,0.374,89.969,audio_features,1QykCyOIFbZdZEiLq8gin1,spotify:track:1QykCyOIFbZdZEiLq8gin1,https://api.spotify.com/v1/tracks/1QykCyOIFbZdZEiLq8gin1,https://api.spotify.com/v1/audio-analysis/1QykCyOIFbZdZEiLq8gin1,215987,4
190,0.946,0.908,7,-6.233,1,0.0826,0.113,0.173,0.544,0.449,119.968,audio_features,5uAe6AXcN2SEOcOAy0Txkh,spotify:track:5uAe6AXcN2SEOcOAy0Txkh,https://api.spotify.com/v1/tracks/5uAe6AXcN2SEOcOAy0Txkh,https://api.spotify.com/v1/audio-analysis/5uAe6AXcN2SEOcOAy0Txkh,195250,4
191,0.566,0.792,1,-4.767,1,0.333,0.00308,0.00552,0.0858,0.672,149.625,audio_features,1UliaPFNVIA9f3ocnwJmx3,spotify:track:1UliaPFNVIA9f3ocnwJmx3,https://api.spotify.com/v1/tracks/1UliaPFNVIA9f3ocnwJmx3,https://api.spotify.com/v1/audio-analysis/1UliaPFNVIA9f3ocnwJmx3,155533,4
192,0.863,0.815,1,-5.302,1,0.114,0.00804,0.000382,0.527,0.703,122.979,audio_features,16mjWUaQ4MjErG3LiD4jlD,spotify:track:16mjWUaQ4MjErG3LiD4jlD,https://api.spotify.com/v1/tracks/16mjWUaQ4MjErG3LiD4jlD,https://api.spotify.com/v1/audio-analysis/16mjWUaQ4MjErG3LiD4jlD,207805,4
193,0.567,0.71,10,-3.419,0,0.199,0.00902,0.0448,0.458,0.809,150.408,audio_features,0s3WYLJg1fLQVc5jvoC5jr,spotify:track:0s3WYLJg1fLQVc5jvoC5jr,https://api.spotify.com/v1/tracks/0s3WYLJg1fLQVc5jvoC5jr,https://api.spotify.com/v1/audio-analysis/0s3WYLJg1fLQVc5jvoC5jr,157630,5
194,0.895,0.904,1,-4.548,1,0.074,0.0429,0.000112,0.662,0.702,121.006,audio_features,3X07aZDNVHZAqRevgAJtdd,spotify:track:3X07aZDNVHZAqRevgAJtdd,https://api.spotify.com/v1/tracks/3X07aZDNVHZAqRevgAJtdd,https://api.spotify.com/v1/audio-analysis/3X07aZDNVHZAqRevgAJtdd,193394,4
195,0.604,0.881,1,-2.028,1,0.123,0.135,0.000151,0.645,0.918,120.012,audio_features,4uXnOZ4NA3yMRnTOIvOB78,spotify:track:4uXnOZ4NA3yMRnTOIvOB78,https://api.spotify.com/v1/tracks/4uXnOZ4NA3yMRnTOIvOB78,https://api.spotify.com/v1/audio-analysis/4uXnOZ4NA3yMRnTOIvOB78,149433,4
196,0.728,0.613,8,-7.318,1,0.358,0.314,0.0,0.0814,0.473,124.855,audio_features,0NiJ3M3d50e1wn0vtD67MO,spotify:track:0NiJ3M3d50e1wn0vtD67MO,https://api.spotify.com/v1/tracks/0NiJ3M3d50e1wn0vtD67MO,https://api.spotify.com/v1/audio-analysis/0NiJ3M3d50e1wn0vtD67MO,367517,4
197,0.89,0.659,11,-8.773,0,0.198,0.00614,0.0,0.521,0.758,119.996,audio_features,4FiChqPkftUVeZYDXA8VBq,spotify:track:4FiChqPkftUVeZYDXA8VBq,https://api.spotify.com/v1/tracks/4FiChqPkftUVeZYDXA8VBq,https://api.spotify.com/v1/audio-analysis/4FiChqPkftUVeZYDXA8VBq,362057,4
198,0.89,0.861,9,-1.624,0,0.137,0.155,0.00469,0.29,0.785,123.915,audio_features,3R8SbqPk9qkUK7CMsUY2ec,spotify:track:3R8SbqPk9qkUK7CMsUY2ec,https://api.spotify.com/v1/tracks/3R8SbqPk9qkUK7CMsUY2ec,https://api.spotify.com/v1/audio-analysis/3R8SbqPk9qkUK7CMsUY2ec,190512,4
199,0.668,0.657,8,-4.708,1,0.265,0.453,0.000108,0.1,0.699,125.244,audio_features,2WDiiMQliJC0r0cH6pfZcj,spotify:track:2WDiiMQliJC0r0cH6pfZcj,https://api.spotify.com/v1/tracks/2WDiiMQliJC0r0cH6pfZcj,https://api.spotify.com/v1/audio-analysis/2WDiiMQliJC0r0cH6pfZcj,252682,5
200,0.827,0.777,7,-6.455,1,0.104,0.295,3.42e-05,0.306,0.835,98.001,audio_features,7mgzOfPPygzCNdnxZBkxns,spotify:track:7mgzOfPPygzCNdnxZBkxns,https://api.spotify.com/v1/tracks/7mgzOfPPygzCNdnxZBkxns,https://api.spotify.com/v1/audio-analysis/7mgzOfPPygzCNdnxZBkxns,222377,4
201,0.854,0.881,9,-3.613,1,0.0711,0.0908,2.14e-05,0.0926,0.827,141.961,audio_features,05F6kiE6hjjmWBXcIhrTFG,spotify:track:05F6kiE6hjjmWBXcIhrTFG,https://api.spotify.com/v1/tracks/05F6kiE6hjjmWBXcIhrTFG,https://api.spotify.com/v1/audio-analysis/05F6kiE6hjjmWBXcIhrTFG,195920,4
202,0.824,0.655,0,-6.091,1,0.0506,0.221,3.24e-06,0.0535,0.687,98.007,audio_features,36i4IDPU4wSpsUCklhTIR1,spotify:track:36i4IDPU4wSpsUCklhTIR1,https://api.spotify.com/v1/tracks/36i4IDPU4wSpsUCklhTIR1,https://api.spotify.com/v1/audio-analysis/36i4IDPU4wSpsUCklhTIR1,242077,4
203,0.865,0.711,7,-5.515,0,0.105,0.169,1.29e-05,0.0883,0.659,96.996,audio_features,0UXqBMPpU1mNVnlFuuPMsK,spotify:track:0UXqBMPpU1mNVnlFuuPMsK,https://api.spotify.com/v1/tracks/0UXqBMPpU1mNVnlFuuPMsK,https://api.spotify.com/v1/audio-analysis/0UXqBMPpU1mNVnlFuuPMsK,195446,4
204,0.693,0.762,0,-6.374,1,0.214,0.0902,0.0,0.099,0.685,94.949,audio_features,3DdVMsFJe7iexh7Bx22hFc,spotify:track:3DdVMsFJe7iexh7Bx22hFc,https://api.spotify.com/v1/tracks/3DdVMsFJe7iexh7Bx22hFc,https://api.spotify.com/v1/audio-analysis/3DdVMsFJe7iexh7Bx22hFc,195579,4
205,0.77,0.938,7,-4.283,1,0.0716,0.0304,0.0,0.0408,0.921,133.979,audio_features,02DaDbZtjht8xRERVwL7Zb,spotify:track:02DaDbZtjht8xRERVwL7Zb,https://api.spotify.com/v1/tracks/02DaDbZtjht8xRERVwL7Zb,https://api.spotify.com/v1/audio-analysis/02DaDbZtjht8xRERVwL7Zb,246387,4
206,0.787,0.784,5,-8.703,1,0.053,0.38,0.00313,0.0822,0.702,98.027,audio_features,5vShN1Ew2L1wu5vUH7SJkh,spotify:track:5vShN1Ew2L1wu5vUH7SJkh,https://api.spotify.com/v1/tracks/5vShN1Ew2L1wu5vUH7SJkh,https://api.spotify.com/v1/audio-analysis/5vShN1Ew2L1wu5vUH7SJkh,201784,4
207,0.684,0.886,2,-4.304,1,0.109,0.0282,0.0978,0.51,0.629,165.018,audio_features,1bsEYSP9Ei6uAdvmdEJ3VL,spotify:track:1bsEYSP9Ei6uAdvmdEJ3VL,https://api.spotify.com/v1/tracks/1bsEYSP9Ei6uAdvmdEJ3VL,https://api.spotify.com/v1/audio-analysis/1bsEYSP9Ei6uAdvmdEJ3VL,205558,4
208,0.776,0.944,9,-3.324,0,0.107,0.147,0.00156,0.0534,0.692,168.075,audio_features,1Cx6Bgzr5liVWM6tZfucxE,spotify:track:1Cx6Bgzr5liVWM6tZfucxE,https://api.spotify.com/v1/tracks/1Cx6Bgzr5liVWM6tZfucxE,https://api.spotify.com/v1/audio-analysis/1Cx6Bgzr5liVWM6tZfucxE,260971,4
209,0.768,0.742,1,-6.247,0,0.0779,0.00942,0.731,0.0802,0.387,139.997,audio_features,7Gn7oaSvpGZmRB9pKkZtqd,spotify:track:7Gn7oaSvpGZmRB9pKkZtqd,https://api.spotify.com/v1/tracks/7Gn7oaSvpGZmRB9pKkZtqd,https://api.spotify.com/v1/audio-analysis/7Gn7oaSvpGZmRB9pKkZtqd,168996,4
210,0.862,0.697,7,-6.888,1,0.181,0.113,0.0,0.0854,0.888,95.021,audio_features,5wTOtQJquKIQmazH73kCCZ,spotify:track:5wTOtQJquKIQmazH73kCCZ,https://api.spotify.com/v1/tracks/5wTOtQJquKIQmazH73kCCZ,https://api.spotify.com/v1/audio-analysis/5wTOtQJquKIQmazH73kCCZ,250200,4
211,0.479,0.915,5,-4.365,0,0.203,0.0206,2.17e-05,0.356,0.658,156.521,audio_features,4tr32xMfaXxToTvGdZM6Ka,spotify:track:4tr32xMfaXxToTvGdZM6Ka,https://api.spotify.com/v1/tracks/4tr32xMfaXxToTvGdZM6Ka,https://api.spotify.com/v1/audio-analysis/4tr32xMfaXxToTvGdZM6Ka,166440,5
212,0.824,0.529,1,-7.377,1,0.241,0.298,0.0,0.112,0.678,99.993,audio_features,0wen64xumMyhzU1EUijhny,spotify:track:0wen64xumMyhzU1EUijhny,https://api.spotify.com/v1/tracks/0wen64xumMyhzU1EUijhny,https://api.spotify.com/v1/audio-analysis/0wen64xumMyhzU1EUijhny,204122,4
213,0.79,0.464,6,-7.949,1,0.0915,0.0852,0.0,0.115,0.729,126.051,audio_features,3wezX3pjvVuSkl9qxXxpNq,spotify:track:3wezX3pjvVuSkl9qxXxpNq,https://api.spotify.com/v1/tracks/3wezX3pjvVuSkl9qxXxpNq,https://api.spotify.com/v1/audio-analysis/3wezX3pjvVuSkl9qxXxpNq,279693,4
214,0.925,0.768,1,-4.553,0,0.271,0.00874,1.69e-06,0.244,0.887,128.004,audio_features,1HWxC0zGOkn1MXRMmXR4ma,spotify:track:1HWxC0zGOkn1MXRMmXR4ma,https://api.spotify.com/v1/tracks/1HWxC0zGOkn1MXRMmXR4ma,https://api.spotify.com/v1/audio-analysis/1HWxC0zGOkn1MXRMmXR4ma,196992,4
215,0.638,0.824,6,-7.844,1,0.237,0.121,0.0,0.0827,0.873,144.031,audio_features,5PGeKZIUcZVt893oJ5M3Co,spotify:track:5PGeKZIUcZVt893oJ5M3Co,https://api.spotify.com/v1/tracks/5PGeKZIUcZVt893oJ5M3Co,https://api.spotify.com/v1/audio-analysis/5PGeKZIUcZVt893oJ5M3Co,234527,4
216,0.777,0.683,6,-6.643,1,0.389,0.0754,0.0,0.0431,0.898,159.986,audio_features,0lZmPXttHliraDdVgW1klp,spotify:track:0lZmPXttHliraDdVgW1klp,https://api.spotify.com/v1/tracks/0lZmPXttHliraDdVgW1klp,https://api.spotify.com/v1/audio-analysis/0lZmPXttHliraDdVgW1klp,187314,4
217,0.958,0.663,11,-5.463,0,0.209,0.00378,1.33e-06,0.273,0.868,128.007,audio_features,0z8P62aA70gua9Q3rObMcB,spotify:track:0z8P62aA70gua9Q3rObMcB,https://api.spotify.com/v1/tracks/0z8P62aA70gua9Q3rObMcB,https://api.spotify.com/v1/audio-analysis/0z8P62aA70gua9Q3rObMcB,224180,4
218,0.854,0.858,11,-2.323,1,0.147,0.326,0.0,0.0879,0.778,119.928,audio_features,1zGOAvoIdprI2abYdTLgtK,spotify:track:1zGOAvoIdprI2abYdTLgtK,https://api.spotify.com/v1/tracks/1zGOAvoIdprI2abYdTLgtK,https://api.spotify.com/v1/audio-analysis/1zGOAvoIdprI2abYdTLgtK,200640,4
219,0.629,0.985,9,-0.31,0,0.0993,0.0991,2.15e-06,0.0682,0.953,145.965,audio_features,2LFpks6FENDbFwzOoo34Va,spotify:track:2LFpks6FENDbFwzOoo34Va,https://api.spotify.com/v1/tracks/2LFpks6FENDbFwzOoo34Va,https://api.spotify.com/v1/audio-analysis/2LFpks6FENDbFwzOoo34Va,203442,4
220,0.835,0.767,1,-5.699,0,0.0686,0.204,7.93e-05,0.261,0.71,99.972,audio_features,6xLvYhLOW2oETJoZv8ChU8,spotify:track:6xLvYhLOW2oETJoZv8ChU8,https://api.spotify.com/v1/tracks/6xLvYhLOW2oETJoZv8ChU8,https://api.spotify.com/v1/audio-analysis/6xLvYhLOW2oETJoZv8ChU8,187667,4
221,0.81,0.757,1,-5.352,0,0.0599,0.0391,0.000384,0.346,0.72,100.002,audio_features,1AKP5JySgNsr2Y04z1yGHJ,spotify:track:1AKP5JySgNsr2Y04z1yGHJ,https://api.spotify.com/v1/tracks/1AKP5JySgNsr2Y04z1yGHJ,https://api.spotify.com/v1/audio-analysis/1AKP5JySgNsr2Y04z1yGHJ,236200,4
222,0.683,0.927,4,-2.806,0,0.0874,0.0823,3.66e-06,0.567,0.944,170.035,audio_features,3SNhGCcSEpSyi8ImxmatA5,spotify:track:3SNhGCcSEpSyi8ImxmatA5,https://api.spotify.com/v1/tracks/3SNhGCcSEpSyi8ImxmatA5,https://api.spotify.com/v1/audio-analysis/3SNhGCcSEpSyi8ImxmatA5,156969,4
223,0.856,0.959,4,-0.511,0,0.0537,0.068,0.00144,0.504,0.955,120.052,audio_features,1CFICGHfnZH6tXVKIYtYJp,spotify:track:1CFICGHfnZH6tXVKIYtYJp,https://api.spotify.com/v1/tracks/1CFICGHfnZH6tXVKIYtYJp,https://api.spotify.com/v1/audio-analysis/1CFICGHfnZH6tXVKIYtYJp,196747,4
224,0.86,0.635,9,-3.934,1,0.0742,0.0269,0.0,0.0603,0.389,145.012,audio_features,4PapVSimy0JvqUU0MoErGg,spotify:track:4PapVSimy0JvqUU0MoErGg,https://api.spotify.com/v1/tracks/4PapVSimy0JvqUU0MoErGg,https://api.spotify.com/v1/audio-analysis/4PapVSimy0JvqUU0MoErGg,291208,4
225,0.549,0.901,10,-3.524,1,0.337,0.333,0.0,0.169,0.833,88.591,audio_features,51kDLGG90kHSjneUGNPmSy,spotify:track:51kDLGG90kHSjneUGNPmSy,https://api.spotify.com/v1/tracks/51kDLGG90kHSjneUGNPmSy,https://api.spotify.com/v1/audio-analysis/51kDLGG90kHSjneUGNPmSy,190400,5
226,0.716,0.73,2,-5.926,1,0.0699,0.12,0.0,0.0752,0.888,79.916,audio_features,6v0TPwv96FHmd4qXnGMqDK,spotify:track:6v0TPwv96FHmd4qXnGMqDK,https://api.spotify.com/v1/tracks/6v0TPwv96FHmd4qXnGMqDK,https://api.spotify.com/v1/audio-analysis/6v0TPwv96FHmd4qXnGMqDK,180989,4
227,0.716,0.632,7,-7.595,1,0.188,0.281,0.0,0.0617,0.758,192.124,audio_features,7B0eMeHAMbxbCTamE5us8J,spotify:track:7B0eMeHAMbxbCTamE5us8J,https://api.spotify.com/v1/tracks/7B0eMeHAMbxbCTamE5us8J,https://api.spotify.com/v1/audio-analysis/7B0eMeHAMbxbCTamE5us8J,199000,4
228,0.909,0.905,1,-5.516,1,0.11,0.645,0.0225,0.669,0.736,118.05,audio_features,3XZAJFdEANpxSH7tH7p2RG,spotify:track:3XZAJFdEANpxSH7tH7p2RG,https://api.spotify.com/v1/tracks/3XZAJFdEANpxSH7tH7p2RG,https://api.spotify.com/v1/audio-analysis/3XZAJFdEANpxSH7tH7p2RG,289677,4
229,0.817,0.819,4,-4.14,0,0.207,0.182,7.15e-06,0.155,0.649,108.01,audio_features,52LavlE6CvrGJ3jEmJmkOu,spotify:track:52LavlE6CvrGJ3jEmJmkOu,https://api.spotify.com/v1/tracks/52LavlE6CvrGJ3jEmJmkOu,https://api.spotify.com/v1/audio-analysis/52LavlE6CvrGJ3jEmJmkOu,183200,4
230,0.888,0.864,10,-2.11,0,0.127,0.609,2.07e-05,0.106,0.77,115.96,audio_features,6CWMm2mJOrKyDH4W1X5d06,spotify:track:6CWMm2mJOrKyDH4W1X5d06,https://api.spotify.com/v1/tracks/6CWMm2mJOrKyDH4W1X5d06,https://api.spotify.com/v1/audio-analysis/6CWMm2mJOrKyDH4W1X5d06,224019,4
231,0.831,0.761,8,-6.944,1,0.0579,0.214,0.0219,0.0615,0.793,117.009,audio_features,1xvnyke6EOVGi8jmFLDsTN,spotify:track:1xvnyke6EOVGi8jmFLDsTN,https://api.spotify.com/v1/tracks/1xvnyke6EOVGi8jmFLDsTN,https://api.spotify.com/v1/audio-analysis/1xvnyke6EOVGi8jmFLDsTN,186723,4
232,0.63,0.905,3,-5.094,1,0.211,0.168,1.8e-06,0.117,0.896,118.051,audio_features,26z79TvxoPoK0B9bq9zn4c,spotify:track:26z79TvxoPoK0B9bq9zn4c,https://api.spotify.com/v1/tracks/26z79TvxoPoK0B9bq9zn4c,https://api.spotify.com/v1/audio-analysis/26z79TvxoPoK0B9bq9zn4c,203442,4
233,0.904,0.723,10,-7.841,1,0.115,0.0575,0.145,0.308,0.826,118.014,audio_features,1c89Peahzqvhcs9UtiT879,spotify:track:1c89Peahzqvhcs9UtiT879,https://api.spotify.com/v1/tracks/1c89Peahzqvhcs9UtiT879,https://api.spotify.com/v1/audio-analysis/1c89Peahzqvhcs9UtiT879,169293,4
234,0.736,0.96,11,-3.835,0,0.0533,0.0545,0.163,0.24,0.833,117.014,audio_features,5uNOpdHMpFV9RxZ0qgNGcD,spotify:track:5uNOpdHMpFV9RxZ0qgNGcD,https://api.spotify.com/v1/tracks/5uNOpdHMpFV9RxZ0qgNGcD,https://api.spotify.com/v1/audio-analysis/5uNOpdHMpFV9RxZ0qgNGcD,235897,4
235,0.887,0.87,10,-5.341,1,0.0644,0.131,0.0032,0.13,0.899,118.007,audio_features,4kY5HMYgRgvHkdGtpdXcAs,spotify:track:4kY5HMYgRgvHkdGtpdXcAs,https://api.spotify.com/v1/tracks/4kY5HMYgRgvHkdGtpdXcAs,https://api.spotify.com/v1/audio-analysis/4kY5HMYgRgvHkdGtpdXcAs,211000,4
236,0.797,0.942,1,-1.943,1,0.139,0.549,1.47e-05,0.274,0.832,120.038,audio_features,12IF1N3EbqgvRZweMJHAVO,spotify:track:12IF1N3EbqgvRZweMJHAVO,https://api.spotify.com/v1/tracks/12IF1N3EbqgvRZweMJHAVO,https://api.spotify.com/v1/audio-analysis/12IF1N3EbqgvRZweMJHAVO,209000,4
237,0.807,0.928,11,-3.177,0,0.152,0.172,0.00271,0.348,0.918,122.013,audio_features,7i4AXtCkZJXbJFBIUiyzhy,spotify:track:7i4AXtCkZJXbJFBIUiyzhy,https://api.spotify.com/v1/tracks/7i4AXtCkZJXbJFBIUiyzhy,https://api.spotify.com/v1/audio-analysis/7i4AXtCkZJXbJFBIUiyzhy,207960,4
238,0.834,0.925,6,-1.783,0,0.0707,0.553,0.0152,0.234,0.798,117.987,audio_features,38FFVJJUFMn0D5jS2H32FH,spotify:track:38FFVJJUFMn0D5jS2H32FH,https://api.spotify.com/v1/tracks/38FFVJJUFMn0D5jS2H32FH,https://api.spotify.com/v1/audio-analysis/38FFVJJUFMn0D5jS2H32FH,205893,4
239,0.903,0.873,1,-6.8,1,0.0856,0.27,1.14e-05,0.268,0.897,117.958,audio_features,4HTCabvW8ANhqDkDexedzE,spotify:track:4HTCabvW8ANhqDkDexedzE,https://api.spotify.com/v1/tracks/4HTCabvW8ANhqDkDexedzE,https://api.spotify.com/v1/audio-analysis/4HTCabvW8ANhqDkDexedzE,172878,4
240,0.871,0.943,6,0.985,1,0.0971,0.316,0.0263,0.0746,0.718,123.982,audio_features,7ovS5qI1vRYvcjG5jDh09a,spotify:track:7ovS5qI1vRYvcjG5jDh09a,https://api.spotify.com/v1/tracks/7ovS5qI1vRYvcjG5jDh09a,https://api.spotify.com/v1/audio-analysis/7ovS5qI1vRYvcjG5jDh09a,191660,4
241,0.925,0.891,6,-2.649,1,0.0705,0.288,1.9e-05,0.0449,0.942,124.062,audio_features,34DEq4NjmD2V5OOfUhVbwf,spotify:track:34DEq4NjmD2V5OOfUhVbwf,https://api.spotify.com/v1/tracks/34DEq4NjmD2V5OOfUhVbwf,https://api.spotify.com/v1/audio-analysis/34DEq4NjmD2V5OOfUhVbwf,184398,4
242,0.879,0.939,6,-2.017,0,0.0498,0.194,0.000602,0.259,0.961,124.037,audio_features,2edWJMHnqmf9RnLKcLfKes,spotify:track:2edWJMHnqmf9RnLKcLfKes,https://api.spotify.com/v1/tracks/2edWJMHnqmf9RnLKcLfKes,https://api.spotify.com/v1/audio-analysis/2edWJMHnqmf9RnLKcLfKes,169404,4
243,0.918,0.748,10,-3.318,1,0.0611,0.105,0.000229,0.0651,0.846,121.993,audio_features,7AxEtufMoqGZNXpBNDidB9,spotify:track:7AxEtufMoqGZNXpBNDidB9,https://api.spotify.com/v1/tracks/7AxEtufMoqGZNXpBNDidB9,https://api.spotify.com/v1/audio-analysis/7AxEtufMoqGZNXpBNDidB9,178573,4
244,0.826,0.866,2,-3.287,0,0.078,0.101,0.000359,0.0586,0.964,129.992,audio_features,0tONGbNBS0rXrskRP8HT3U,spotify:track:0tONGbNBS0rXrskRP8HT3U,https://api.spotify.com/v1/tracks/0tONGbNBS0rXrskRP8HT3U,https://api.spotify.com/v1/audio-analysis/0tONGbNBS0rXrskRP8HT3U,164336,4
245,0.904,0.85,1,-3.335,1,0.0525,0.0815,6.13e-05,0.0908,0.595,117.992,audio_features,31TbxlC1DooqeAK547rnMD,spotify:track:31TbxlC1DooqeAK547rnMD,https://api.spotify.com/v1/tracks/31TbxlC1DooqeAK547rnMD,https://api.spotify.com/v1/audio-analysis/31TbxlC1DooqeAK547rnMD,196702,4
246,0.635,0.939,3,-3.35,1,0.143,0.132,0.0001,0.247,0.83,126.976,audio_features,1zdPE06w06CYsHFO4S4FnX,spotify:track:1zdPE06w06CYsHFO4S4FnX,https://api.spotify.com/v1/tracks/1zdPE06w06CYsHFO4S4FnX,https://api.spotify.com/v1/audio-analysis/1zdPE06w06CYsHFO4S4FnX,181577,4
247,0.909,0.842,9,-2.723,1,0.0613,0.104,0.0,0.185,0.855,120.006,audio_features,7nlUPqJJ4LE1vYb5BXt2tT,spotify:track:7nlUPqJJ4LE1vYb5BXt2tT,https://api.spotify.com/v1/tracks/7nlUPqJJ4LE1vYb5BXt2tT,https://api.spotify.com/v1/audio-analysis/7nlUPqJJ4LE1vYb5BXt2tT,182544,4
248,0.822,0.896,6,-3.902,1,0.0566,0.158,0.137,0.0823,0.715,120.046,audio_features,67onFaW8i95edbn90nRo8d,spotify:track:67onFaW8i95edbn90nRo8d,https://api.spotify.com/v1/tracks/67onFaW8i95edbn90nRo8d,https://api.spotify.com/v1/audio-analysis/67onFaW8i95edbn90nRo8d,170444,4
249,0.931,0.748,4,-4.278,0,0.0872,0.137,0.000533,0.0679,0.961,121.994,audio_features,7LplbuDlZWbSDXiLjK846s,spotify:track:7LplbuDlZWbSDXiLjK846s,https://api.spotify.com/v1/tracks/7LplbuDlZWbSDXiLjK846s,https://api.spotify.com/v1/audio-analysis/7LplbuDlZWbSDXiLjK846s,175125,4
250,0.88,0.906,4,-1.461,0,0.0809,0.0992,1.26e-05,0.136,0.543,115.019,audio_features,7enqOzlUkUH0M1tHYwRTYO,spotify:track:7enqOzlUkUH0M1tHYwRTYO,https://api.spotify.com/v1/tracks/7enqOzlUkUH0M1tHYwRTYO,https://api.spotify.com/v1/audio-analysis/7enqOzlUkUH0M1tHYwRTYO,230258,4
251,0.891,0.585,10,-3.572,0,0.345,0.0758,1.28e-05,0.654,0.13,118.032,audio_features,4iSS8RdAykVEpJY5pbjwQH,spotify:track:4iSS8RdAykVEpJY5pbjwQH,https://api.spotify.com/v1/tracks/4iSS8RdAykVEpJY5pbjwQH,https://api.spotify.com/v1/audio-analysis/4iSS8RdAykVEpJY5pbjwQH,194795,4
252,0.606,0.844,7,-4.234,1,0.303,0.0998,0.000455,0.31,0.636,150.306,audio_features,7zORehpxrrwAyrLzOkUSX5,spotify:track:7zORehpxrrwAyrLzOkUSX5,https://api.spotify.com/v1/tracks/7zORehpxrrwAyrLzOkUSX5,https://api.spotify.com/v1/audio-analysis/7zORehpxrrwAyrLzOkUSX5,169587,5
253,0.821,0.744,1,-6.557,0,0.117,0.178,1.27e-06,0.0707,0.762,92.019,audio_features,2YP8yaq7kdVD7Yq3bVyoi6,spotify:track:2YP8yaq7kdVD7Yq3bVyoi6,https://api.spotify.com/v1/tracks/2YP8yaq7kdVD7Yq3bVyoi6,https://api.spotify.com/v1/audio-analysis/2YP8yaq7kdVD7Yq3bVyoi6,166752,4
254,0.531,0.855,6,-6.771,1,0.184,0.0545,0.785,0.104,0.946,153.272,audio_features,6GIYQislFlJUJFYHG7Fijl,spotify:track:6GIYQislFlJUJFYHG7Fijl,https://api.spotify.com/v1/tracks/6GIYQislFlJUJFYHG7Fijl,https://api.spotify.com/v1/audio-analysis/6GIYQislFlJUJFYHG7Fijl,201080,3
255,0.871,0.913,10,-1.815,0,0.123,0.413,1.32e-05,0.0525,0.877,117.99,audio_features,15TcdGsX08XSZ4B8hXN2sy,spotify:track:15TcdGsX08XSZ4B8hXN2sy,https://api.spotify.com/v1/tracks/15TcdGsX08XSZ4B8hXN2sy,https://api.spotify.com/v1/audio-analysis/15TcdGsX08XSZ4B8hXN2sy,195734,4
256,0.846,0.904,11,0.159,0,0.19,0.0197,0.0,0.468,0.736,117.014,audio_features,7HEEmTfwfM56sSZd6glbZH,spotify:track:7HEEmTfwfM56sSZd6glbZH,https://api.spotify.com/v1/tracks/7HEEmTfwfM56sSZd6glbZH,https://api.spotify.com/v1/audio-analysis/7HEEmTfwfM56sSZd6glbZH,234373,4
257,0.871,0.739,11,-6.956,1,0.0617,0.0314,3.45e-05,0.124,0.303,115.059,audio_features,5EAzOhzM3pEnfASMteI0Zo,spotify:track:5EAzOhzM3pEnfASMteI0Zo,https://api.spotify.com/v1/tracks/5EAzOhzM3pEnfASMteI0Zo,https://api.spotify.com/v1/audio-analysis/5EAzOhzM3pEnfASMteI0Zo,313728,4
258,0.604,0.881,1,-2.028,1,0.123,0.135,0.000151,0.645,0.918,120.012,audio_features,4uXnOZ4NA3yMRnTOIvOB78,spotify:track:4uXnOZ4NA3yMRnTOIvOB78,https://api.spotify.com/v1/tracks/4uXnOZ4NA3yMRnTOIvOB78,https://api.spotify.com/v1/audio-analysis/4uXnOZ4NA3yMRnTOIvOB78,149433,4
259,0.85,0.924,1,-2.681,1,0.0785,0.109,0.00383,0.33,0.911,119.019,audio_features,2VaYsYUBZZfj8nLyQxnGCs,spotify:track:2VaYsYUBZZfj8nLyQxnGCs,https://api.spotify.com/v1/tracks/2VaYsYUBZZfj8nLyQxnGCs,https://api.spotify.com/v1/audio-analysis/2VaYsYUBZZfj8nLyQxnGCs,183535,4
260,0.812,0.749,0,-3.554,1,0.04,0.178,0.0,0.0769,0.502,104.047,audio_features,0l6REfKf0k4aX5UsLIXEhe,spotify:track:0l6REfKf0k4aX5UsLIXEhe,https://api.spotify.com/v1/tracks/0l6REfKf0k4aX5UsLIXEhe,https://api.spotify.com/v1/audio-analysis/0l6REfKf0k4aX5UsLIXEhe,188973,4
261,0.483,0.685,10,-3.232,0,0.174,0.369,0.0,0.0817,0.546,185.502,audio_features,1WRXkAyxiHGMIwfay2oNCB,spotify:track:1WRXkAyxiHGMIwfay2oNCB,https://api.spotify.com/v1/tracks/1WRXkAyxiHGMIwfay2oNCB,https://api.spotify.com/v1/audio-analysis/1WRXkAyxiHGMIwfay2oNCB,191907,4
262,0.703,0.705,6,-4.91,0,0.11,0.125,0.0,0.2,0.554,104.668,audio_features,3QPbeGHUNRwQ6105TXxOKT,spotify:track:3QPbeGHUNRwQ6105TXxOKT,https://api.spotify.com/v1/tracks/3QPbeGHUNRwQ6105TXxOKT,https://api.spotify.com/v1/audio-analysis/3QPbeGHUNRwQ6105TXxOKT,232933,4
263,0.588,0.914,9,-5.088,0,0.324,0.14,0.000193,0.0286,0.79,120.999,audio_features,5ZB9tmvoSNYDoogZUES5bl,spotify:track:5ZB9tmvoSNYDoogZUES5bl,https://api.spotify.com/v1/tracks/5ZB9tmvoSNYDoogZUES5bl,https://api.spotify.com/v1/audio-analysis/5ZB9tmvoSNYDoogZUES5bl,201053,4
264,0.771,0.756,6,-6.811,0,0.141,0.113,0.0,0.0743,0.515,176.001,audio_features,4ooiBtUGwntacxCef7LAPS,spotify:track:4ooiBtUGwntacxCef7LAPS,https://api.spotify.com/v1/tracks/4ooiBtUGwntacxCef7LAPS,https://api.spotify.com/v1/audio-analysis/4ooiBtUGwntacxCef7LAPS,211040,4
265,0.842,0.834,7,-7.069,0,0.0649,0.0836,0.000123,0.0997,0.871,93.988,audio_features,5T56yynriYCiX1Qnas0Cyp,spotify:track:5T56yynriYCiX1Qnas0Cyp,https://api.spotify.com/v1/tracks/5T56yynriYCiX1Qnas0Cyp,https://api.spotify.com/v1/audio-analysis/5T56yynriYCiX1Qnas0Cyp,165957,4
266,0.868,0.823,1,-5.844,1,0.237,0.0809,4.05e-06,0.35,0.711,129.96,audio_features,5tWN4Msieh8dlafzulfXAk,spotify:track:5tWN4Msieh8dlafzulfXAk,https://api.spotify.com/v1/tracks/5tWN4Msieh8dlafzulfXAk,https://api.spotify.com/v1/audio-analysis/5tWN4Msieh8dlafzulfXAk,363987,4
267,0.898,0.958,6,-5.633,0,0.283,0.15,3.74e-06,0.648,0.607,133.018,audio_features,1L43RxEjAXTvSQoQdRBETS,spotify:track:1L43RxEjAXTvSQoQdRBETS,https://api.spotify.com/v1/tracks/1L43RxEjAXTvSQoQdRBETS,https://api.spotify.com/v1/audio-analysis/1L43RxEjAXTvSQoQdRBETS,158613,4
268,0.555,0.725,1,-6.648,0,0.075,0.0665,0.0,0.0926,0.548,98.976,audio_features,5xRCm3d8IlbrdOabaD9QiL,spotify:track:5xRCm3d8IlbrdOabaD9QiL,https://api.spotify.com/v1/tracks/5xRCm3d8IlbrdOabaD9QiL,https://api.spotify.com/v1/audio-analysis/5xRCm3d8IlbrdOabaD9QiL,153574,4
269,0.756,0.976,6,-3.068,0,0.0628,0.395,0.00911,0.311,0.887,125.984,audio_features,2kItnxFZAvtGi0KHQxElUL,spotify:track:2kItnxFZAvtGi0KHQxElUL,https://api.spotify.com/v1/tracks/2kItnxFZAvtGi0KHQxElUL,https://api.spotify.com/v1/audio-analysis/2kItnxFZAvtGi0KHQxElUL,226325,4
270,0.918,0.885,1,-3.844,1,0.0666,0.115,0.0,0.226,0.819,119.957,audio_features,6oCZE1hdCEac5NnqMUotjh,spotify:track:6oCZE1hdCEac5NnqMUotjh,https://api.spotify.com/v1/tracks/6oCZE1hdCEac5NnqMUotjh,https://api.spotify.com/v1/audio-analysis/6oCZE1hdCEac5NnqMUotjh,310047,4
271,0.791,0.691,7,-7.505,1,0.0595,0.014,0.0,0.159,0.658,116.984,audio_features,0kEzIodWrEDtpKS0EYI99X,spotify:track:0kEzIodWrEDtpKS0EYI99X,https://api.spotify.com/v1/tracks/0kEzIodWrEDtpKS0EYI99X,https://api.spotify.com/v1/audio-analysis/0kEzIodWrEDtpKS0EYI99X,193974,4
272,0.925,0.891,6,-2.649,1,0.0705,0.288,1.9e-05,0.0449,0.942,124.062,audio_features,34DEq4NjmD2V5OOfUhVbwf,spotify:track:34DEq4NjmD2V5OOfUhVbwf,https://api.spotify.com/v1/tracks/34DEq4NjmD2V5OOfUhVbwf,https://api.spotify.com/v1/audio-analysis/34DEq4NjmD2V5OOfUhVbwf,184398,4
273,0.9,0.774,8,-4.31,1,0.118,0.097,8.52e-06,0.279,0.784,125.002,audio_features,6VrOzFtjAylmaRV5OsCFeo,spotify:track:6VrOzFtjAylmaRV5OsCFeo,https://api.spotify.com/v1/tracks/6VrOzFtjAylmaRV5OsCFeo,https://api.spotify.com/v1/audio-analysis/6VrOzFtjAylmaRV5OsCFeo,164165,4
274,0.929,0.738,10,-4.297,0,0.115,0.102,0.0,0.19,0.759,120.011,audio_features,7AjhX1xGxAaaogwOchMGU0,spotify:track:7AjhX1xGxAaaogwOchMGU0,https://api.spotify.com/v1/tracks/7AjhX1xGxAaaogwOchMGU0,https://api.spotify.com/v1/audio-analysis/7AjhX1xGxAaaogwOchMGU0,162534,4
275,0.629,0.883,1,-4.882,1,0.25,0.248,0.000179,0.329,0.6,134.641,audio_features,3pfmXyxD0SzpVVMjK57x1r,spotify:track:3pfmXyxD0SzpVVMjK57x1r,https://api.spotify.com/v1/tracks/3pfmXyxD0SzpVVMjK57x1r,https://api.spotify.com/v1/audio-analysis/3pfmXyxD0SzpVVMjK57x1r,250510,4
276,0.815,0.814,1,-3.891,1,0.13,0.41,0.000368,0.575,0.774,106.093,audio_features,7uyM5A5BWpLB6n0z1maIon,spotify:track:7uyM5A5BWpLB6n0z1maIon,https://api.spotify.com/v1/tracks/7uyM5A5BWpLB6n0z1maIon,https://api.spotify.com/v1/audio-analysis/7uyM5A5BWpLB6n0z1maIon,200088,4
277,0.892,0.663,7,-7.688,1,0.16,0.00967,0.122,0.0631,0.434,119.997,audio_features,6quVCnxdU0UJR9MvErl0eG,spotify:track:6quVCnxdU0UJR9MvErl0eG,https://api.spotify.com/v1/tracks/6quVCnxdU0UJR9MvErl0eG,https://api.spotify.com/v1/audio-analysis/6quVCnxdU0UJR9MvErl0eG,182500,4
278,0.816,0.903,2,-2.318,1,0.116,0.4,0.0,0.103,0.788,115.185,audio_features,2QUJUWfD2Ko6bMi4h0RkiT,spotify:track:2QUJUWfD2Ko6bMi4h0RkiT,https://api.spotify.com/v1/tracks/2QUJUWfD2Ko6bMi4h0RkiT,https://api.spotify.com/v1/audio-analysis/2QUJUWfD2Ko6bMi4h0RkiT,187298,4
279,0.912,0.831,1,-3.562,1,0.0826,0.0651,0.0,0.0373,0.905,120.028,audio_features,1TaUwFWotv4lfu2E78BxPd,spotify:track:1TaUwFWotv4lfu2E78BxPd,https://api.spotify.com/v1/tracks/1TaUwFWotv4lfu2E78BxPd,https://api.spotify.com/v1/audio-analysis/1TaUwFWotv4lfu2E78BxPd,166060,4
280,0.846,0.874,2,-2.998,1,0.141,0.0409,0.0048,0.359,0.844,115.941,audio_features,0cRdPQhJwgKl2NEvtjUaz7,spotify:track:0cRdPQhJwgKl2NEvtjUaz7,https://api.spotify.com/v1/tracks/0cRdPQhJwgKl2NEvtjUaz7,https://api.spotify.com/v1/audio-analysis/0cRdPQhJwgKl2NEvtjUaz7,177972,4
281,0.935,0.771,11,-2.479,1,0.132,0.0414,0.0012,0.845,0.844,132.076,audio_features,68QTlXvLrJp3wtP57QSjfg,spotify:track:68QTlXvLrJp3wtP57QSjfg,https://api.spotify.com/v1/tracks/68QTlXvLrJp3wtP57QSjfg,https://api.spotify.com/v1/audio-analysis/68QTlXvLrJp3wtP57QSjfg,195892,4
282,0.888,0.712,10,-6.322,0,0.127,0.0476,0.0342,0.0479,0.549,130.989,audio_features,3xULsKQSIkr16oORbAnKxu,spotify:track:3xULsKQSIkr16oORbAnKxu,https://api.spotify.com/v1/tracks/3xULsKQSIkr16oORbAnKxu,https://api.spotify.com/v1/audio-analysis/3xULsKQSIkr16oORbAnKxu,196031,4
283,0.841,0.814,4,-4.909,0,0.0807,0.0173,0.0272,0.35,0.776,119.006,audio_features,23iuxSWGOfiAhuIK6SjFoS,spotify:track:23iuxSWGOfiAhuIK6SjFoS,https://api.spotify.com/v1/tracks/23iuxSWGOfiAhuIK6SjFoS,https://api.spotify.com/v1/audio-analysis/23iuxSWGOfiAhuIK6SjFoS,161347,4
284,0.684,0.886,2,-4.304,1,0.109,0.0282,0.0978,0.51,0.629,165.018,audio_features,1bsEYSP9Ei6uAdvmdEJ3VL,spotify:track:1bsEYSP9Ei6uAdvmdEJ3VL,https://api.spotify.com/v1/tracks/1bsEYSP9Ei6uAdvmdEJ3VL,https://api.spotify.com/v1/audio-analysis/1bsEYSP9Ei6uAdvmdEJ3VL,205558,4
285,0.89,0.659,11,-8.773,0,0.198,0.00614,0.0,0.521,0.758,119.996,audio_features,4FiChqPkftUVeZYDXA8VBq,spotify:track:4FiChqPkftUVeZYDXA8VBq,https://api.spotify.com/v1/tracks/4FiChqPkftUVeZYDXA8VBq,https://api.spotify.com/v1/audio-analysis/4FiChqPkftUVeZYDXA8VBq,362057,4
286,0.596,0.805,8,-3.41,1,0.14,0.223,0.0,0.283,0.701,86.305,audio_features,5OMhbKgpYz1jKEqRU9kfzm,spotify:track:5OMhbKgpYz1jKEqRU9kfzm,https://api.spotify.com/v1/tracks/5OMhbKgpYz1jKEqRU9kfzm,https://api.spotify.com/v1/audio-analysis/5OMhbKgpYz1jKEqRU9kfzm,185462,4
287,0.811,0.831,0,-2.543,1,0.069,0.114,0.0,0.142,0.9,101.016,audio_features,5iSYX7LcCEr4VWTJLuTLfa,spotify:track:5iSYX7LcCEr4VWTJLuTLfa,https://api.spotify.com/v1/tracks/5iSYX7LcCEr4VWTJLuTLfa,https://api.spotify.com/v1/audio-analysis/5iSYX7LcCEr4VWTJLuTLfa,216294,4
288,0.776,0.635,10,-7.745,0,0.0693,0.362,0.00921,0.0662,0.703,110.012,audio_features,5Sx7IJpAbWcFb02HXTTCcX,spotify:track:5Sx7IJpAbWcFb02HXTTCcX,https://api.spotify.com/v1/tracks/5Sx7IJpAbWcFb02HXTTCcX,https://api.spotify.com/v1/audio-analysis/5Sx7IJpAbWcFb02HXTTCcX,165818,4
289,0.613,0.567,11,-5.843,0,0.187,0.0354,0.00125,0.117,0.836,150.344,audio_features,5jwkujpQcv9EyqQGDgi4bL,spotify:track:5jwkujpQcv9EyqQGDgi4bL,https://api.spotify.com/v1/tracks/5jwkujpQcv9EyqQGDgi4bL,https://api.spotify.com/v1/audio-analysis/5jwkujpQcv9EyqQGDgi4bL,169038,5
290,0.748,0.74,0,-5.072,1,0.179,0.085,0.0,0.0885,0.648,92.002,audio_features,58SUXI4rmBCfNkQEk9kbsh,spotify:track:58SUXI4rmBCfNkQEk9kbsh,https://api.spotify.com/v1/tracks/58SUXI4rmBCfNkQEk9kbsh,https://api.spotify.com/v1/audio-analysis/58SUXI4rmBCfNkQEk9kbsh,266292,4
291,0.53,0.753,11,-6.939,0,0.233,0.465,0.0,0.246,0.558,148.892,audio_features,01x1x08CxWHLBl6YxZMf0z,spotify:track:01x1x08CxWHLBl6YxZMf0z,https://api.spotify.com/v1/tracks/01x1x08CxWHLBl6YxZMf0z,https://api.spotify.com/v1/audio-analysis/01x1x08CxWHLBl6YxZMf0z,207200,4
292,0.893,0.639,2,-5.251,1,0.216,0.144,0.00863,0.0447,0.341,122.045,audio_features,5YRPfgu3cwVZO2p0SRcb92,spotify:track:5YRPfgu3cwVZO2p0SRcb92,https://api.spotify.com/v1/tracks/5YRPfgu3cwVZO2p0SRcb92,https://api.spotify.com/v1/audio-analysis/5YRPfgu3cwVZO2p0SRcb92,200656,4
293,0.735,0.78,0,-6.154,1,0.381,0.337,0.0,0.349,0.826,98.057,audio_features,7kIP60tCZ6XlAtSbJjGlhU,spotify:track:7kIP60tCZ6XlAtSbJjGlhU,https://api.spotify.com/v1/tracks/7kIP60tCZ6XlAtSbJjGlhU,https://api.spotify.com/v1/audio-analysis/7kIP60tCZ6XlAtSbJjGlhU,707595,4
294,0.769,0.86,0,-3.341,1,0.375,0.345,0.0,0.65,0.833,98.044,audio_features,3SOY1DKorxsNPreFiuPwZ1,spotify:track:3SOY1DKorxsNPreFiuPwZ1,https://api.spotify.com/v1/tracks/3SOY1DKorxsNPreFiuPwZ1,https://api.spotify.com/v1/audio-analysis/3SOY1DKorxsNPreFiuPwZ1,370338,4
295,0.782,0.559,1,-5.637,1,0.113,0.0235,0.0,0.0813,0.965,140.001,audio_features,1DiYU1iQR0bJjQ8Y9faBa8,spotify:track:1DiYU1iQR0bJjQ8Y9faBa8,https://api.spotify.com/v1/tracks/1DiYU1iQR0bJjQ8Y9faBa8,https://api.spotify.com/v1/audio-analysis/1DiYU1iQR0bJjQ8Y9faBa8,229069,4
296,0.719,0.314,9,-12.251,1,0.343,0.502,4.81e-06,0.11,0.486,177.978,audio_features,5EeXNlEZeoherDmWAr3Nkl,spotify:track:5EeXNlEZeoherDmWAr3Nkl,https://api.spotify.com/v1/tracks/5EeXNlEZeoherDmWAr3Nkl,https://api.spotify.com/v1/audio-analysis/5EeXNlEZeoherDmWAr3Nkl,173933,4
297,0.858,0.655,1,-5.898,1,0.189,0.279,0.00023,0.106,0.492,136.945,audio_features,0SnLkO6RfRabs9WPLnP20P,spotify:track:0SnLkO6RfRabs9WPLnP20P,https://api.spotify.com/v1/tracks/0SnLkO6RfRabs9WPLnP20P,https://api.spotify.com/v1/audio-analysis/0SnLkO6RfRabs9WPLnP20P,200584,4
298,0.915,0.674,11,-3.627,0,0.0468,0.366,6.49e-06,0.186,0.687,127.034,audio_features,0Wgh1XUbVf2Hd5DdIeRgff,spotify:track:0Wgh1XUbVf2Hd5DdIeRgff,https://api.spotify.com/v1/tracks/0Wgh1XUbVf2Hd5DdIeRgff,https://api.spotify.com/v1/audio-analysis/0Wgh1XUbVf2Hd5DdIeRgff,199842,4
299,0.851,0.482,1,-9.836,0,0.16,0.0334,0.00191,0.0859,0.5,142.007,audio_features,3wsmLKP2S3BG4xLoAeLVaI,spotify:track:3wsmLKP2S3BG4xLoAeLVaI,https://api.spotify.com/v1/tracks/3wsmLKP2S3BG4xLoAeLVaI,https://api.spotify.com/v1/audio-analysis/3wsmLKP2S3BG4xLoAeLVaI,156433,4
300,0.923,0.928,10,-1.624,0,0.0977,0.384,0.0148,0.321,0.562,113.017,audio_features,7HNX5ap83jCLeWODW6CU2m,spotify:track:7HNX5ap83jCLeWODW6CU2m,https://api.spotify.com/v1/tracks/7HNX5ap83jCLeWODW6CU2m,https://api.spotify.com/v1/audio-analysis/7HNX5ap83jCLeWODW6CU2m,167787,4
301,0.963,0.594,2,-5.337,0,0.269,0.0578,0.0,0.0938,0.93,129.946,audio_features,2Du0czDUGHDzOUQdgmGtnL,spotify:track:2Du0czDUGHDzOUQdgmGtnL,https://api.spotify.com/v1/tracks/2Du0czDUGHDzOUQdgmGtnL,https://api.spotify.com/v1/audio-analysis/2Du0czDUGHDzOUQdgmGtnL,157431,4
302,0.869,0.703,8,-4.595,1,0.0695,0.101,0.00465,0.155,0.768,127.992,audio_features,0McSaca6iqz8c8Npd3xcRt,spotify:track:0McSaca6iqz8c8Npd3xcRt,https://api.spotify.com/v1/tracks/0McSaca6iqz8c8Npd3xcRt,https://api.spotify.com/v1/audio-analysis/0McSaca6iqz8c8Npd3xcRt,146511,4
303,0.919,0.695,4,-7.415,0,0.153,0.0533,0.002,0.0682,0.764,119.979,audio_features,3iLJ7ow6gwX33qU9KPbFbS,spotify:track:3iLJ7ow6gwX33qU9KPbFbS,https://api.spotify.com/v1/tracks/3iLJ7ow6gwX33qU9KPbFbS,https://api.spotify.com/v1/audio-analysis/3iLJ7ow6gwX33qU9KPbFbS,192168,4
304,0.914,0.672,0,-6.064,1,0.151,0.0223,0.00555,0.181,0.395,109.921,audio_features,7ImY7rQI4nTJbfryeGpoj7,spotify:track:7ImY7rQI4nTJbfryeGpoj7,https://api.spotify.com/v1/tracks/7ImY7rQI4nTJbfryeGpoj7,https://api.spotify.com/v1/audio-analysis/7ImY7rQI4nTJbfryeGpoj7,207520,4
305,0.939,0.884,0,-1.127,1,0.146,0.0261,8.54e-05,0.109,0.96,115.07,audio_features,5Yc6RFntdrthCCVxufTMB4,spotify:track:5Yc6RFntdrthCCVxufTMB4,https://api.spotify.com/v1/tracks/5Yc6RFntdrthCCVxufTMB4,https://api.spotify.com/v1/audio-analysis/5Yc6RFntdrthCCVxufTMB4,179576,4
306,0.83,0.823,11,-4.052,1,0.0531,0.0321,2.54e-05,0.0706,0.845,122.983,audio_features,10VoBA1TnZ9z4h9Y079aH0,spotify:track:10VoBA1TnZ9z4h9Y079aH0,https://api.spotify.com/v1/tracks/10VoBA1TnZ9z4h9Y079aH0,https://api.spotify.com/v1/audio-analysis/10VoBA1TnZ9z4h9Y079aH0,191219,4
307,0.879,0.733,4,-6.085,0,0.0926,0.000454,0.123,0.119,0.613,111.998,audio_features,5ceBiIckwhWQKOSm48pZsk,spotify:track:5ceBiIckwhWQKOSm48pZsk,https://api.spotify.com/v1/tracks/5ceBiIckwhWQKOSm48pZsk,https://api.spotify.com/v1/audio-analysis/5ceBiIckwhWQKOSm48pZsk,203778,4
308,0.94,0.822,7,-2.828,1,0.193,0.244,5.34e-05,0.853,0.673,116.993,audio_features,2qeyFMCqIQfcg9Nu77jBTX,spotify:track:2qeyFMCqIQfcg9Nu77jBTX,https://api.spotify.com/v1/tracks/2qeyFMCqIQfcg9Nu77jBTX,https://api.spotify.com/v1/audio-analysis/2qeyFMCqIQfcg9Nu77jBTX,180144,4
309,0.894,0.842,11,-2.265,0,0.195,0.0963,7.92e-06,0.0869,0.896,118.034,audio_features,14vjDzzcssOoPYDHTDLSgQ,spotify:track:14vjDzzcssOoPYDHTDLSgQ,https://api.spotify.com/v1/tracks/14vjDzzcssOoPYDHTDLSgQ,https://api.spotify.com/v1/audio-analysis/14vjDzzcssOoPYDHTDLSgQ,198096,4
310,0.953,0.581,7,-4.383,1,0.243,0.017,8.94e-05,0.17,0.874,122.028,audio_features,3HJTnmKDiitSKMPmCEYHQT,spotify:track:3HJTnmKDiitSKMPmCEYHQT,https://api.spotify.com/v1/tracks/3HJTnmKDiitSKMPmCEYHQT,https://api.spotify.com/v1/audio-analysis/3HJTnmKDiitSKMPmCEYHQT,200667,4
311,0.887,0.82,11,-3.449,1,0.216,0.213,0.0,0.169,0.678,107.961,audio_features,3ZJ1F8QrGVN6uz9HTF4Mrg,spotify:track:3ZJ1F8QrGVN6uz9HTF4Mrg,https://api.spotify.com/v1/tracks/3ZJ1F8QrGVN6uz9HTF4Mrg,https://api.spotify.com/v1/audio-analysis/3ZJ1F8QrGVN6uz9HTF4Mrg,170000,4
312,0.956,0.761,10,-2.702,0,0.23,0.11,3.31e-05,0.133,0.602,120.043,audio_features,5PeheEgPSODBOxPDO4a6QD,spotify:track:5PeheEgPSODBOxPDO4a6QD,https://api.spotify.com/v1/tracks/5PeheEgPSODBOxPDO4a6QD,https://api.spotify.com/v1/audio-analysis/5PeheEgPSODBOxPDO4a6QD,178026,4
313,0.891,0.585,10,-3.572,0,0.345,0.0758,1.28e-05,0.654,0.13,118.032,audio_features,4iSS8RdAykVEpJY5pbjwQH,spotify:track:4iSS8RdAykVEpJY5pbjwQH,https://api.spotify.com/v1/tracks/4iSS8RdAykVEpJY5pbjwQH,https://api.spotify.com/v1/audio-analysis/4iSS8RdAykVEpJY5pbjwQH,194795,4
314,0.885,0.769,1,-3.04,1,0.0795,0.0482,0.000196,0.607,0.76,109.965,audio_features,7u7wa5ElLqFlunGtvUniJv,spotify:track:7u7wa5ElLqFlunGtvUniJv,https://api.spotify.com/v1/tracks/7u7wa5ElLqFlunGtvUniJv,https://api.spotify.com/v1/audio-analysis/7u7wa5ElLqFlunGtvUniJv,185212,4
315,0.917,0.823,1,-3.572,1,0.0764,0.185,0.000168,0.223,0.926,107.016,audio_features,6NFYM779eoWZ59OOMi1qLp,spotify:track:6NFYM779eoWZ59OOMi1qLp,https://api.spotify.com/v1/tracks/6NFYM779eoWZ59OOMi1qLp,https://api.spotify.com/v1/audio-analysis/6NFYM779eoWZ59OOMi1qLp,234953,4
316,0.916,0.804,7,-2.97,1,0.104,0.00562,0.0,0.0627,0.754,114.998,audio_features,3xs7dWQGp8HujcFjsK5vEU,spotify:track:3xs7dWQGp8HujcFjsK5vEU,https://api.spotify.com/v1/tracks/3xs7dWQGp8HujcFjsK5vEU,https://api.spotify.com/v1/audio-analysis/3xs7dWQGp8HujcFjsK5vEU,178467,4
317,0.694,0.863,1,-4.068,1,0.289,0.0158,0.000273,0.0695,0.938,122.059,audio_features,622NSQy3ZLW4MtimvW1NlN,spotify:track:622NSQy3ZLW4MtimvW1NlN,https://api.spotify.com/v1/tracks/622NSQy3ZLW4MtimvW1NlN,https://api.spotify.com/v1/audio-analysis/622NSQy3ZLW4MtimvW1NlN,198653,4
318,0.862,0.815,1,-3.979,1,0.227,0.0538,0.000792,0.108,0.57,115.91,audio_features,698fThuOjyr2R3UbtQZWbB,spotify:track:698fThuOjyr2R3UbtQZWbB,https://api.spotify.com/v1/tracks/698fThuOjyr2R3UbtQZWbB,https://api.spotify.com/v1/audio-analysis/698fThuOjyr2R3UbtQZWbB,165533,4
319,0.976,0.801,7,-3.559,1,0.145,0.282,0.0,0.66,0.927,110.786,audio_features,6OBOhtOzzUMHPf018Hoe3z,spotify:track:6OBOhtOzzUMHPf018Hoe3z,https://api.spotify.com/v1/tracks/6OBOhtOzzUMHPf018Hoe3z,https://api.spotify.com/v1/audio-analysis/6OBOhtOzzUMHPf018Hoe3z,166870,4
320,0.834,0.836,4,-3.966,0,0.0557,0.03,1.06e-05,0.0742,0.416,95.008,audio_features,6s56PS9FOe9yJB5ti3IULQ,spotify:track:6s56PS9FOe9yJB5ti3IULQ,https://api.spotify.com/v1/tracks/6s56PS9FOe9yJB5ti3IULQ,https://api.spotify.com/v1/audio-analysis/6s56PS9FOe9yJB5ti3IULQ,207164,4
321,0.849,0.839,10,-3.263,0,0.0633,0.0371,0.000161,0.138,0.76,100.015,audio_features,3P61fZmS6nZ2q48wlVmDfb,spotify:track:3P61fZmS6nZ2q48wlVmDfb,https://api.spotify.com/v1/tracks/3P61fZmS6nZ2q48wlVmDfb,https://api.spotify.com/v1/audio-analysis/3P61fZmS6nZ2q48wlVmDfb,198000,4
322,0.885,0.863,6,-2.704,1,0.093,0.232,2.35e-06,0.109,0.897,122.014,audio_features,7j5M97yPZaT0QK2pNMtkt8,spotify:track:7j5M97yPZaT0QK2pNMtkt8,https://api.spotify.com/v1/tracks/7j5M97yPZaT0QK2pNMtkt8,https://api.spotify.com/v1/audio-analysis/7j5M97yPZaT0QK2pNMtkt8,151498,4
323,0.88,0.634,7,-2.799,1,0.126,0.256,0.000719,0.13,0.608,101.992,audio_features,24Uz5JgGHiZou1f0NtJkHn,spotify:track:24Uz5JgGHiZou1f0NtJkHn,https://api.spotify.com/v1/tracks/24Uz5JgGHiZou1f0NtJkHn,https://api.spotify.com/v1/audio-analysis/24Uz5JgGHiZou1f0NtJkHn,188254,4
324,0.875,0.658,7,-9.176,1,0.117,0.121,0.000646,0.224,0.65,119.969,audio_features,2WZIvIyZUGLFykt013hHim,spotify:track:2WZIvIyZUGLFykt013hHim,https://api.spotify.com/v1/tracks/2WZIvIyZUGLFykt013hHim,https://api.spotify.com/v1/audio-analysis/2WZIvIyZUGLFykt013hHim,228049,4
325,0.77,0.62,1,-4.896,0,0.259,0.0789,0.0,0.0482,0.628,87.889,audio_features,24De67pxeQCQJuytNtlENI,spotify:track:24De67pxeQCQJuytNtlENI,https://api.spotify.com/v1/tracks/24De67pxeQCQJuytNtlENI,https://api.spotify.com/v1/audio-analysis/24De67pxeQCQJuytNtlENI,199098,4
326,0.827,0.709,9,-5.982,0,0.0904,0.218,0.00727,0.768,0.69,130.013,audio_features,6ZFx2C4riGUcU1sE68MRSP,spotify:track:6ZFx2C4riGUcU1sE68MRSP,https://api.spotify.com/v1/tracks/6ZFx2C4riGUcU1sE68MRSP,https://api.spotify.com/v1/audio-analysis/6ZFx2C4riGUcU1sE68MRSP,187155,4
327,0.929,0.466,9,-7.665,0,0.187,0.132,0.0,0.108,0.595,121.969,audio_features,7KuqjGohhHlpm7qwG51Vh6,spotify:track:7KuqjGohhHlpm7qwG51Vh6,https://api.spotify.com/v1/tracks/7KuqjGohhHlpm7qwG51Vh6,https://api.spotify.com/v1/audio-analysis/7KuqjGohhHlpm7qwG51Vh6,190835,4
328,0.712,0.756,8,-6.439,0,0.29,0.0113,5.38e-05,0.0652,0.594,173.942,audio_features,40lJHRF8s8TxAbL89y4TM5,spotify:track:40lJHRF8s8TxAbL89y4TM5,https://api.spotify.com/v1/tracks/40lJHRF8s8TxAbL89y4TM5,https://api.spotify.com/v1/audio-analysis/40lJHRF8s8TxAbL89y4TM5,204187,4
329,0.877,0.859,2,-3.409,1,0.103,0.496,0.0,0.143,0.882,104.721,audio_features,6Kpz90O7VP8nXlbFNFd4YB,spotify:track:6Kpz90O7VP8nXlbFNFd4YB,https://api.spotify.com/v1/tracks/6Kpz90O7VP8nXlbFNFd4YB,https://api.spotify.com/v1/audio-analysis/6Kpz90O7VP8nXlbFNFd4YB,193686,4
330,0.935,0.8,7,-0.94,1,0.248,0.0719,6.95e-06,0.0636,0.631,120.02,audio_features,1lrRORX91fHHThZ3g1bjVi,spotify:track:1lrRORX91fHHThZ3g1bjVi,https://api.spotify.com/v1/tracks/1lrRORX91fHHThZ3g1bjVi,https://api.spotify.com/v1/audio-analysis/1lrRORX91fHHThZ3g1bjVi,198000,4
331,0.697,0.952,5,-3.52,1,0.066,0.576,0.0,0.229,0.627,94.984,audio_features,7w6Zp6MmSnJVaHWBQk1rvd,spotify:track:7w6Zp6MmSnJVaHWBQk1rvd,https://api.spotify.com/v1/tracks/7w6Zp6MmSnJVaHWBQk1rvd,https://api.spotify.com/v1/audio-analysis/7w6Zp6MmSnJVaHWBQk1rvd,184360,4
332,0.703,0.875,0,-7.131,1,0.0461,0.204,2.6e-06,0.218,0.88,95.987,audio_features,0TeJWlIVYTszJPoxho8lxk,spotify:track:0TeJWlIVYTszJPoxho8lxk,https://api.spotify.com/v1/tracks/0TeJWlIVYTszJPoxho8lxk,https://api.spotify.com/v1/audio-analysis/0TeJWlIVYTszJPoxho8lxk,168789,4
333,0.47,0.833,8,-5.559,1,0.358,0.111,0.0,0.232,0.811,66.822,audio_features,5hFFPjCCd10X0AiMmCrz11,spotify:track:5hFFPjCCd10X0AiMmCrz11,https://api.spotify.com/v1/tracks/5hFFPjCCd10X0AiMmCrz11,https://api.spotify.com/v1/audio-analysis/5hFFPjCCd10X0AiMmCrz11,208001,3
334,0.873,0.732,11,-3.826,1,0.0608,0.00246,0.0,0.0941,0.298,90.029,audio_features,0IFIl0X7qh4Repxv64lDhM,spotify:track:0IFIl0X7qh4Repxv64lDhM,https://api.spotify.com/v1/tracks/0IFIl0X7qh4Repxv64lDhM,https://api.spotify.com/v1/audio-analysis/0IFIl0X7qh4Repxv64lDhM,163133,4
335,0.298,0.939,2,-4.32,1,0.0926,2.92e-06,0.0292,0.0626,0.375,132.468,audio_features,2VzJGlJiLQ9cNlCeRW0t0K,spotify:track:2VzJGlJiLQ9cNlCeRW0t0K,https://api.spotify.com/v1/tracks/2VzJGlJiLQ9cNlCeRW0t0K,https://api.spotify.com/v1/audio-analysis/2VzJGlJiLQ9cNlCeRW0t0K,105693,4
336,0.811,0.87,4,-4.063,0,0.117,0.127,0.0,0.126,0.623,115.055,audio_features,1KeeQAFqkBfeTnBWMLKYcT,spotify:track:1KeeQAFqkBfeTnBWMLKYcT,https://api.spotify.com/v1/tracks/1KeeQAFqkBfeTnBWMLKYcT,https://api.spotify.com/v1/audio-analysis/1KeeQAFqkBfeTnBWMLKYcT,300069,4
337,0.949,0.831,11,-6.545,0,0.137,0.000961,0.000106,0.876,0.731,105.059,audio_features,16Xke0EaJ38lUIdCm35jf7,spotify:track:16Xke0EaJ38lUIdCm35jf7,https://api.spotify.com/v1/tracks/16Xke0EaJ38lUIdCm35jf7,https://api.spotify.com/v1/audio-analysis/16Xke0EaJ38lUIdCm35jf7,212480,4
338,0.847,0.817,1,-6.195,1,0.212,0.0414,4.76e-06,0.0487,0.793,129.986,audio_features,2KjkMP8Yae3Mcz0xQMO02o,spotify:track:2KjkMP8Yae3Mcz0xQMO02o,https://api.spotify.com/v1/tracks/2KjkMP8Yae3Mcz0xQMO02o,https://api.spotify.com/v1/audio-analysis/2KjkMP8Yae3Mcz0xQMO02o,199960,4
339,0.818,0.892,6,-5.001,0,0.109,0.146,0.000165,0.107,0.459,112.037,audio_features,524FN8Xb023YHPseKpbmxR,spotify:track:524FN8Xb023YHPseKpbmxR,https://api.spotify.com/v1/tracks/524FN8Xb023YHPseKpbmxR,https://api.spotify.com/v1/audio-analysis/524FN8Xb023YHPseKpbmxR,225048,4
340,0.795,0.688,0,-6.799,1,0.109,0.0506,0.0,0.0735,0.6,115.031,audio_features,4bEbXXPY4ANpfZtpk03r8k,spotify:track:4bEbXXPY4ANpfZtpk03r8k,https://api.spotify.com/v1/tracks/4bEbXXPY4ANpfZtpk03r8k,https://api.spotify.com/v1/audio-analysis/4bEbXXPY4ANpfZtpk03r8k,394919,4
341,0.923,0.931,7,-3.361,1,0.176,0.0147,0.0,0.0562,0.672,112.053,audio_features,27L7GBQRX3s8hwyjU4xIuU,spotify:track:27L7GBQRX3s8hwyjU4xIuU,https://api.spotify.com/v1/tracks/27L7GBQRX3s8hwyjU4xIuU,https://api.spotify.com/v1/audio-analysis/27L7GBQRX3s8hwyjU4xIuU,172440,4
342,0.674,0.69,1,-7.965,1,0.418,0.0605,3.44e-05,0.0533,0.75,110.601,audio_features,5i7K6cACGKrHAM8x3xNj1O,spotify:track:5i7K6cACGKrHAM8x3xNj1O,https://api.spotify.com/v1/tracks/5i7K6cACGKrHAM8x3xNj1O,https://api.spotify.com/v1/audio-analysis/5i7K6cACGKrHAM8x3xNj1O,199457,1
343,0.916,0.609,9,-5.287,0,0.267,0.135,0.002,0.336,0.589,105.034,audio_features,7Hh4iyKFrQTE4i7u0Mb0q0,spotify:track:7Hh4iyKFrQTE4i7u0Mb0q0,https://api.spotify.com/v1/tracks/7Hh4iyKFrQTE4i7u0Mb0q0,https://api.spotify.com/v1/audio-analysis/7Hh4iyKFrQTE4i7u0Mb0q0,201195,4
344,0.952,0.986,6,-3.077,1,0.12,0.0124,2.23e-05,0.34,0.721,115.97,audio_features,4P4hSY2TiAsH3Ynn1SiPN2,spotify:track:4P4hSY2TiAsH3Ynn1SiPN2,https://api.spotify.com/v1/tracks/4P4hSY2TiAsH3Ynn1SiPN2,https://api.spotify.com/v1/audio-analysis/4P4hSY2TiAsH3Ynn1SiPN2,165564,4
345,0.653,0.793,4,-5.005,0,0.367,0.0214,6.32e-06,0.115,0.575,148.512,audio_features,6zLjZteHJDckOEm4Dz8dtY,spotify:track:6zLjZteHJDckOEm4Dz8dtY,https://api.spotify.com/v1/tracks/6zLjZteHJDckOEm4Dz8dtY,https://api.spotify.com/v1/audio-analysis/6zLjZteHJDckOEm4Dz8dtY,176848,5
