,artist,artist_pop,artist_id,song,song_pop,song_duration_ms,song_id
0,El Alfa,83,2oQX8QiMXOyuqbcZEFsZfm,Que Calor (feat. J Balvin & El Alfa),78,169997,1RKZvaLj3UPhGjZkaIrFm7
1,El Alfa,83,2oQX8QiMXOyuqbcZEFsZfm,Coronao Now,80,217881,7FbKipScVxkjQxQXwTd0gL
2,El Alfa,83,2oQX8QiMXOyuqbcZEFsZfm,La Romana,79,300579,1khmgu0pveJbkbpbkyvcQv
3,El Alfa,83,2oQX8QiMXOyuqbcZEFsZfm,badwine - Extended Remix,68,248160,44DCGBt8P6iZPd0RRsZiMw
4,El Alfa,83,2oQX8QiMXOyuqbcZEFsZfm,Dembow y Reggaeton,65,249743,0BvhrGwe5MtFFf9gMIeWbp
5,El Alfa,83,2oQX8QiMXOyuqbcZEFsZfm,Imagínate,67,317000,0a41S6Hf3njfUbQTZyxWDq
6,El Alfa,83,2oQX8QiMXOyuqbcZEFsZfm,Suave (Remix),67,305526,4phvdPGXE8MGXsTBhqB5ht
7,El Alfa,83,2oQX8QiMXOyuqbcZEFsZfm,Pa Jamaica (Remix),57,304871,2joDqfk2o1beVXlyaX2NoZ
8,El Alfa,83,2oQX8QiMXOyuqbcZEFsZfm,Me da Lo Mismo,53,225000,2qcMnJuHT2fJgGopinP3zL
9,El Alfa,83,2oQX8QiMXOyuqbcZEFsZfm,Mueve la Cadera,65,195250,5uAe6AXcN2SEOcOAy0Txkh
10,El Mayor Clasico,53,5sZ0LIk7BJLJquEUUt5rJj,Electricidad,50,192913,7iF7wJCFOIQOqghP7r94fe
11,El Mayor Clasico,53,5sZ0LIk7BJLJquEUUt5rJj,Prendi,47,205893,38FFVJJUFMn0D5jS2H32FH
12,El Mayor Clasico,53,5sZ0LIk7BJLJquEUUt5rJj,Cuando Yo Era Chiquito,46,204893,1UyXp5HSKNrSI55lm55gZ1
13,El Mayor Clasico,53,5sZ0LIk7BJLJquEUUt5rJj,Versace - Remix,39,359074,4y4SfmkcTnFYClU3xhXgrD
14,El Mayor Clasico,53,5sZ0LIk7BJLJquEUUt5rJj,En Colale,31,197320,2z3D2gLbtXPkyLz2cdkFFd
15,El Mayor Clasico,53,5sZ0LIk7BJLJquEUUt5rJj,Abanico,38,197510,71pehRVEU19NHe07v0ZM7C
16,El Mayor Clasico,53,5sZ0LIk7BJLJquEUUt5rJj,Correazo,38,251349,4umcAU9DuUctlImkcPATuB
17,El Mayor Clasico,53,5sZ0LIk7BJLJquEUUt5rJj,Cachonda,37,187196,3sGY8FbKKOs222Bvi7Vyv4
18,El Mayor Clasico,53,5sZ0LIk7BJLJquEUUt5rJj,Los Niños Malos,28,183040,3qwYgeqpDEsQdHgCpDqYty
19,El Mayor Clasico,53,5sZ0LIk7BJLJquEUUt5rJj,Vibrador,32,183959,5FUe8JnbAljSJ48IrRXdvJ
20,Lapiz Conciente,57,0UTsdD7VIsEB9i7a6DDx5t,Limonada Coco - Remix,53,216816,69I3KzUSur7pT3p8z7jhk5
21,Lapiz Conciente,57,0UTsdD7VIsEB9i7a6DDx5t,Bum Bam Ven - Remix,52,230000,41ezMG36bvrbJaJpvlbDFf
22,Lapiz Conciente,57,0UTsdD7VIsEB9i7a6DDx5t,Solo Te Veo - Remix,47,239394,7rTsnvxE2Del41TkzwAlbf
23,Lapiz Conciente,57,0UTsdD7VIsEB9i7a6DDx5t,Cabecea,45,289728,5WvRLpBKheIwhUbVTVlUz6
24,Lapiz Conciente,57,0UTsdD7VIsEB9i7a6DDx5t,No Lo Vendo - Remix,44,279183,5ldrlXHvzAb1oBgbQJa4bk
25,Lapiz Conciente,57,0UTsdD7VIsEB9i7a6DDx5t,Fufu Papa,44,212903,3m7vxaQ2h9z94Rq4OjVift
26,Lapiz Conciente,57,0UTsdD7VIsEB9i7a6DDx5t,Idioma Raro,42,212910,4wef3k6kgDG8tkkvjebJip
27,Lapiz Conciente,57,0UTsdD7VIsEB9i7a6DDx5t,Cuchicheo,40,208927,6HpPSy0xVGAmS4xHtG4L4j
28,Lapiz Conciente,57,0UTsdD7VIsEB9i7a6DDx5t,Mueveme Ese Culo (feat. Breyco En Producidera),39,196153,4Sl2yHC6YUu4yOhHSooSkD
29,Lapiz Conciente,57,0UTsdD7VIsEB9i7a6DDx5t,Yo No Te Quiero Perder,39,274886,3yaNgCPIMrJ1SNBlt6mewz
30,Amenazzy,73,6kq4GHwUcUojGIu0ziSNXf,Baby,75,235973,2IA8cFA46DkjgbsRG7kKbp
31,Amenazzy,73,6kq4GHwUcUojGIu0ziSNXf,Desierto,74,224697,4NLcgBskZkUYgpAVQF0sNI
32,Amenazzy,73,6kq4GHwUcUojGIu0ziSNXf,Solo,70,231909,6kTMnty169llVx9sGHb6LD
33,Amenazzy,73,6kq4GHwUcUojGIu0ziSNXf,No Tenemos Nada,68,204277,6UGc9l0tpk1xSx9KV2fOVf
34,Amenazzy,73,6kq4GHwUcUojGIu0ziSNXf,Dios Bendiga (Remix),65,241503,4S8wmEZy12C5UJUU0IQUee
35,Amenazzy,73,6kq4GHwUcUojGIu0ziSNXf,Champagne Rose,63,281653,2YfOp1cJeaPwJCKe0gjo7y
36,Amenazzy,73,6kq4GHwUcUojGIu0ziSNXf,Nadie Muere De Amor,62,242000,1PeolWTkf6eq3K3qMXTkkN
37,Amenazzy,73,6kq4GHwUcUojGIu0ziSNXf,Solo - Remix,55,245986,3He16IbDCweYwKPIa9jbNS
38,Amenazzy,73,6kq4GHwUcUojGIu0ziSNXf,Nadie Como Tu,58,177327,14Q3OrXMvSTCJvqeSNXovU
39,Amenazzy,73,6kq4GHwUcUojGIu0ziSNXf,Imaginándote Oe Oa,36,175670,3weZ9EdNe4qXlK4A23PxBH
40,Vakero,42,5rlwbF5flU2JCmAzV5Obu0,No Me Controles,36,206191,0xqs2fssv31FOsKQjO5EhF
41,Vakero,42,5rlwbF5flU2JCmAzV5Obu0,Te Quiero,36,259586,0wiR7y1blI3vmrwvhLkYsx
42,Vakero,42,5rlwbF5flU2JCmAzV5Obu0,Tu Pai,35,150648,3CceXZxUn3u2E1kyJvN5fb
43,Vakero,42,5rlwbF5flU2JCmAzV5Obu0,Capea el Dough 2k14,35,707594,7kIP60tCZ6XlAtSbJjGlhU
44,Vakero,42,5rlwbF5flU2JCmAzV5Obu0,Capea El Dough 2k17,33,370337,3SOY1DKorxsNPreFiuPwZ1
45,Vakero,42,5rlwbF5flU2JCmAzV5Obu0,Los Zapatos,29,187426,2QebSAWmxv8gw0BvOqQPFv
46,Vakero,42,5rlwbF5flU2JCmAzV5Obu0,Que Mujer Tan Chula,29,210962,0JNO59NigOfHWQQAClzAEs
47,Vakero,42,5rlwbF5flU2JCmAzV5Obu0,Se Partio el Lapiz,28,259533,1VAJTs96cC8332LtN3i5vA
48,Vakero,42,5rlwbF5flU2JCmAzV5Obu0,Una Vaina Loca (Remix),26,294826,1r1JsyDxWgMo9jE3dJcirm
49,Vakero,42,5rlwbF5flU2JCmAzV5Obu0,Demasiado,26,229320,3Rych4r0vBVbsqkR2kkKEi
50,La Materialista,46,4FMqE1IWlhufYw1x2zlKG6,La Chapa Que Vibran - Remix,52,203492,6fmVrh7XQ0KD69AOufNMUL
51,La Materialista,46,4FMqE1IWlhufYw1x2zlKG6,La Chapa Que Vibran,45,215301,6cFckWKvl4IrBmRZI995kG
52,La Materialista,46,4FMqE1IWlhufYw1x2zlKG6,Machucando,41,234453,6R8PlLgNFv8WysXspoTmTR
53,La Materialista,46,4FMqE1IWlhufYw1x2zlKG6,Como Me Lo Hace,41,200651,5nUJPQreW88E30aHM2HHm7
54,La Materialista,46,4FMqE1IWlhufYw1x2zlKG6,Taka Taka,39,152659,0LlWBlBmg2OOibYOnF9Dm0
55,La Materialista,46,4FMqE1IWlhufYw1x2zlKG6,Te Lo Compre,36,200724,5lhPjPAJ2eETbkSBziCRWs
56,La Materialista,46,4FMqE1IWlhufYw1x2zlKG6,Click Clock,33,171441,3hDD5EhhH9bxXEEuwsyQT8
57,La Materialista,46,4FMqE1IWlhufYw1x2zlKG6,Nunca Maniqui,29,225815,0PHsVUWTCuSy3t8r4sm4OV
58,La Materialista,46,4FMqE1IWlhufYw1x2zlKG6,Dominicana,29,172384,07BugovfF5V3Bd2nsDxmVa
59,La Materialista,46,4FMqE1IWlhufYw1x2zlKG6,Tu Quiere Chapiame - Tuquierechapiame,25,152525,5Uks6VIHmWLNoamsvD9Fuh
60,Musicologo The Libro,56,0lIw3RIPiAC50dWNjJXe2Q,En Filita Cooperando - Remix,58,251612,5hG3xtRax4lX4gUTbK1UkP
61,Musicologo The Libro,56,0lIw3RIPiAC50dWNjJXe2Q,Limonada Coco - Remix,53,216816,69I3KzUSur7pT3p8z7jhk5
62,Musicologo The Libro,56,0lIw3RIPiAC50dWNjJXe2Q,Flow Pesao - Remix,52,275391,2ecaPx5QDfsxGUThU6rHUZ
63,Musicologo The Libro,56,0lIw3RIPiAC50dWNjJXe2Q,Bum Bam Ven - Remix,52,230000,41ezMG36bvrbJaJpvlbDFf
64,Musicologo The Libro,56,0lIw3RIPiAC50dWNjJXe2Q,En Filita Cooperando,47,164516,39BWAAsvNEM87UsDsL1DM5
65,Musicologo The Libro,56,0lIw3RIPiAC50dWNjJXe2Q,De Naranja,47,229565,3C7ErK9zTcj1rpXhyH4eBG
66,Musicologo The Libro,56,0lIw3RIPiAC50dWNjJXe2Q,No Lo Vendo - Remix,44,279183,5ldrlXHvzAb1oBgbQJa4bk
67,Musicologo The Libro,56,0lIw3RIPiAC50dWNjJXe2Q,Bum Bam Ven,44,196140,5XqekpV3dsMMTPl4YQGtpo
68,Musicologo The Libro,56,0lIw3RIPiAC50dWNjJXe2Q,Fufu Papa,44,212903,3m7vxaQ2h9z94Rq4OjVift
69,Musicologo The Libro,56,0lIw3RIPiAC50dWNjJXe2Q,Pasate - Remix,44,193394,3X07aZDNVHZAqRevgAJtdd
70,Shadow Blow,61,53cVnpkm8dTmf20tssYSNF,En Filita Cooperando - Remix,58,251612,5hG3xtRax4lX4gUTbK1UkP
71,Shadow Blow,61,53cVnpkm8dTmf20tssYSNF,Mi Bebé,54,223000,0HpiLpKXNfkWW47IIcQIEx
72,Shadow Blow,61,53cVnpkm8dTmf20tssYSNF,Influencer,50,194813,3R8amwNn7AXd6czI6fUb8W
73,Shadow Blow,61,53cVnpkm8dTmf20tssYSNF,Soporto,50,136000,4DmfmjQziKh2Af22X6ZJkP
74,Shadow Blow,61,53cVnpkm8dTmf20tssYSNF,Pa' Que Sufran,49,199000,7B0eMeHAMbxbCTamE5us8J
75,Shadow Blow,61,53cVnpkm8dTmf20tssYSNF,La Mejor Noche,48,207894,2cwUACZn05NitDxsFnNSfB
76,Shadow Blow,61,53cVnpkm8dTmf20tssYSNF,Mensaje Directo (DM),47,220706,7oJzEtK0F1FT0cFIPNOPY6
77,Shadow Blow,61,53cVnpkm8dTmf20tssYSNF,Que Me Diran,47,185211,7u7wa5ElLqFlunGtvUniJv
78,Shadow Blow,61,53cVnpkm8dTmf20tssYSNF,Foke To 3,47,162500,24FgZSdBaQXXpN0VuYSTDc
79,Shadow Blow,61,53cVnpkm8dTmf20tssYSNF,Donde Te Metes,45,156500,20OHBUEU5ugofGDpd2KYTf
80,La Insuperable,49,1DnmGMN1A57wUR0KhxOnnu,En Filita Cooperando - Remix,58,251612,5hG3xtRax4lX4gUTbK1UkP
81,La Insuperable,49,1DnmGMN1A57wUR0KhxOnnu,Me Subo Arriba,43,208147,0rmJCeOoTH673NPxw4CiqM
82,La Insuperable,49,1DnmGMN1A57wUR0KhxOnnu,Tengo Derecho,40,210880,4LgYL1ttItQJgEnmHY9wST
83,La Insuperable,49,1DnmGMN1A57wUR0KhxOnnu,Salao,38,226587,7MiA3RtXtEiPR8lEMI0i4G
84,La Insuperable,49,1DnmGMN1A57wUR0KhxOnnu,Cama Vacía,37,216812,4J0dwMGNLmX4l59xRisiNT
85,La Insuperable,49,1DnmGMN1A57wUR0KhxOnnu,Su Favorita,35,178666,1ZuBUBl4LwU0TLUbC5rkNJ
86,La Insuperable,49,1DnmGMN1A57wUR0KhxOnnu,Que Me Den Banda,34,217986,7lRTSUr5aLu2cBcRcJpfHk
87,La Insuperable,49,1DnmGMN1A57wUR0KhxOnnu,Yo Soy Esa,33,209067,4RcMzaO0T8rP1cZfqayTpU
88,La Insuperable,49,1DnmGMN1A57wUR0KhxOnnu,Cual Es la Vaina,31,184945,3eDJUJq4AWZV7tACznMhXJ
89,La Insuperable,49,1DnmGMN1A57wUR0KhxOnnu,Dime Linda Te Llenaste de Odio,29,220000,0N7nbqVY4HgoQnyaoADmAM
90,Shelow Shaq,68,658X86qMyJpSRY87oPvExU,Watch Out (feat. Fetty Wap),53,117053,7HR7MpHKZpnmdC7CVEhePh
91,Shelow Shaq,68,658X86qMyJpSRY87oPvExU,Knock Out,53,195596,6YRH8zh2KMbltmbSf4Qe1d
92,Shelow Shaq,68,658X86qMyJpSRY87oPvExU,Perra (Remix),50,282410,6m4hIAkxRTeJDPV6XsoBNR
93,Shelow Shaq,68,658X86qMyJpSRY87oPvExU,Siga Boyando,47,250510,3pfmXyxD0SzpVVMjK57x1r
94,Shelow Shaq,68,658X86qMyJpSRY87oPvExU,Serrucho Amolao,45,232151,1kzs05g4L7sADL1JCBVH1s
95,Shelow Shaq,68,658X86qMyJpSRY87oPvExU,Contento,45,218406,7bDeSxA38xU0P1Pzot3WQm
96,Shelow Shaq,68,658X86qMyJpSRY87oPvExU,Que Te Pica,44,140494,4CwzrnPwasFox12WLTz6Wf
97,Shelow Shaq,68,658X86qMyJpSRY87oPvExU,"La Nota Se Me Encampana (with Tali Goya, Ceky Viciny, Quimico Ultra Mega & Shelow Shaq) - Remix",44,274840,43vpumD5K15N6Vb0kpuZCi
98,Shelow Shaq,68,658X86qMyJpSRY87oPvExU,Donde Estan,41,189522,1StjQHjCyI6xmC0Mihqmkl
99,Shelow Shaq,68,658X86qMyJpSRY87oPvExU,Tu Maldita Madre (Remix),41,275645,6P00nbm7byCND2pgWkNopd
100,"Secreto ""El Famoso Biberon""",56,37UACiDcdzEYii0iU0QpAf,Dame Banda,56,244000,3lSjcTblaKRbx4aHWXMWCH
101,"Secreto ""El Famoso Biberon""",56,37UACiDcdzEYii0iU0QpAf,Bum Bam Ven - Remix,52,230000,41ezMG36bvrbJaJpvlbDFf
102,"Secreto ""El Famoso Biberon""",56,37UACiDcdzEYii0iU0QpAf,Papa Dios Me Dijo,50,212840,6E77ppZLfCPdrfbIK2KLI8
103,"Secreto ""El Famoso Biberon""",56,37UACiDcdzEYii0iU0QpAf,Amaneci Contento,50,239480,6J7eGnU2ccuwac6P4YmOcy
104,"Secreto ""El Famoso Biberon""",56,37UACiDcdzEYii0iU0QpAf,Real Guerrero - Remix,48,297368,0h94GnP9odhbOs6ph1UBqd
105,"Secreto ""El Famoso Biberon""",56,37UACiDcdzEYii0iU0QpAf,Real Guerrero,47,220800,5hj6i8wM8jm2f5uWlCxw6I
106,"Secreto ""El Famoso Biberon""",56,37UACiDcdzEYii0iU0QpAf,De Amor Nadie Se Muere,47,228466,52eBBUJW8E0aRgKmSWoA05
107,"Secreto ""El Famoso Biberon""",56,37UACiDcdzEYii0iU0QpAf,Te Siento En Para - Special Edition,45,194760,244KK3Gslw1YL0RmGt4zdA
108,"Secreto ""El Famoso Biberon""",56,37UACiDcdzEYii0iU0QpAf,Fufu Papa,44,212903,3m7vxaQ2h9z94Rq4OjVift
109,"Secreto ""El Famoso Biberon""",56,37UACiDcdzEYii0iU0QpAf,La Vuelta,44,284133,6gv565xQpiHTY32i9rouuh
110,Quimico Ultra Mega,64,3tZdknQnzsVIIdaGCTj4RX,La Calle es de Nosotros - Remix,59,250749,2jBlDIG1zQwF9XBQqxAv5O
111,Quimico Ultra Mega,64,3tZdknQnzsVIIdaGCTj4RX,Trompeta,53,200808,6SFnPT4nfYpfVRaJJwvfQG
112,Quimico Ultra Mega,64,3tZdknQnzsVIIdaGCTj4RX,Klonk - Remix,48,305823,4RG1T9AqbSmOBQlUpbY50s
113,Quimico Ultra Mega,64,3tZdknQnzsVIIdaGCTj4RX,Wila Wila,48,157919,34XJSwPrx60AWVFNYDWwsS
114,Quimico Ultra Mega,64,3tZdknQnzsVIIdaGCTj4RX,Tengo Una Mata - Remix,47,230955,3Kx9laDpGOK5nmuAMgALrf
115,Quimico Ultra Mega,64,3tZdknQnzsVIIdaGCTj4RX,Ferrari - Remix,46,306409,71meXpIGrmV3Z2jUNnEv8l
116,Quimico Ultra Mega,64,3tZdknQnzsVIIdaGCTj4RX,Vamo a da una Vuelta,46,194640,17dNvMfueWbOhNqMN2rRIm
117,Quimico Ultra Mega,64,3tZdknQnzsVIIdaGCTj4RX,El Mudo - Remix,46,234953,6NFYM779eoWZ59OOMi1qLp
118,Quimico Ultra Mega,64,3tZdknQnzsVIIdaGCTj4RX,Gatillero,45,185880,5h2E7FBk7BraDCjySJTV5y
119,Quimico Ultra Mega,64,3tZdknQnzsVIIdaGCTj4RX,No Lo Vendo - Remix,44,279183,5ldrlXHvzAb1oBgbQJa4bk
120,La Manta,51,3omyT5zHz9QmE63xEk10OV,Knock Out,53,195596,6YRH8zh2KMbltmbSf4Qe1d
121,La Manta,51,3omyT5zHz9QmE63xEk10OV,Que Me Importa,52,173322,4mkKxj7pc3QNCuiXZRP0qD
122,La Manta,51,3omyT5zHz9QmE63xEk10OV,Siga Boyando,47,250510,3pfmXyxD0SzpVVMjK57x1r
123,La Manta,51,3omyT5zHz9QmE63xEk10OV,Yo Lo Cojo,39,188893,15f7OgSGn8g36CHvQSToza
124,La Manta,51,3omyT5zHz9QmE63xEk10OV,Careta,33,216999,2lBcOUfEHhXgGfySoP9yMo
125,La Manta,51,3omyT5zHz9QmE63xEk10OV,La Merca,33,152502,7jACVdsThGi8kuQYmgQd0q
126,La Manta,51,3omyT5zHz9QmE63xEk10OV,El Sofoke (Remix),33,203692,5iOZWIifn61GYHTRQ6j9CP
127,La Manta,51,3omyT5zHz9QmE63xEk10OV,Babality,32,201717,70Zajj2ufgawvNqDCy3BGP
128,La Manta,51,3omyT5zHz9QmE63xEk10OV,Los Mismos Tenis,31,213916,6MEaXOyNOzLYDk4s0wmVKu
129,La Manta,51,3omyT5zHz9QmE63xEk10OV,Chilling,31,141124,1ZFRLTfWMgtfa9suxR79dp
130,Black Jonas Point,47,5ImkeVBlU11axX5QwOWg12,Asi Te Quiero,42,201560,0UyOxy7uZEL3uvIKSVOp44
131,Black Jonas Point,47,5ImkeVBlU11axX5QwOWg12,No Es Lo Mismo - Remix,33,252969,390mMX0DdFOaN6eeH7HwBN
132,Black Jonas Point,47,5ImkeVBlU11axX5QwOWg12,Lo Que Quieras,37,196545,0cm86dyk6N77qzW4zGbMe1
133,Black Jonas Point,47,5ImkeVBlU11axX5QwOWg12,Todo Tiene Final,36,221331,6shRLJtMmwEdLGrCHW250H
134,Black Jonas Point,47,5ImkeVBlU11axX5QwOWg12,Mas Que Amor,34,205347,4N1SUJE2vp2gkmG9xHbaHM
135,Black Jonas Point,47,5ImkeVBlU11axX5QwOWg12,El Pito - Internacional Remix,34,195500,2UTizhOevUUIci91XcLBJA
136,Black Jonas Point,47,5ImkeVBlU11axX5QwOWg12,Click Clock,33,171441,3hDD5EhhH9bxXEEuwsyQT8
137,Black Jonas Point,47,5ImkeVBlU11axX5QwOWg12,Culeteo,32,171773,0nGzFcjJjClWr3y4fcWVJI
138,Black Jonas Point,47,5ImkeVBlU11axX5QwOWg12,El Tirador,31,174730,0tmfuktHn1lnzydE8T5HWA
139,Black Jonas Point,47,5ImkeVBlU11axX5QwOWg12,Solo Grita,30,182125,4Lb8Si1K9zsOfF2xmiJhbO
140,Mark B.,64,0zZJhc1T0zBurhnBwQ2fcu,Me Llueven,61,165994,2Iv7PCElmi1dZfzHWzMczA
141,Mark B.,64,0zZJhc1T0zBurhnBwQ2fcu,Mojadero,61,235897,5uNOpdHMpFV9RxZ0qgNGcD
142,Mark B.,64,0zZJhc1T0zBurhnBwQ2fcu,Roce,58,115390,4kxELPk1Je0OXgiYnVhqSs
143,Mark B.,64,0zZJhc1T0zBurhnBwQ2fcu,Otra Noche,57,192941,63FVUiJ5vaaPlrFG28oPZT
144,Mark B.,64,0zZJhc1T0zBurhnBwQ2fcu,Dando,57,193974,0kEzIodWrEDtpKS0EYI99X
145,Mark B.,64,0zZJhc1T0zBurhnBwQ2fcu,Playa y Arena (Remix),56,237041,4Q6Z7fn2xVhPZ1xn0XfEOY
146,Mark B.,64,0zZJhc1T0zBurhnBwQ2fcu,Todo Va Estar Bien,55,194529,42sMYgin1f4iFDzo47LyOE
147,Mark B.,64,0zZJhc1T0zBurhnBwQ2fcu,Hoy,55,172000,6S5TzrDnSNzHwFArQVosrU
148,Mark B.,64,0zZJhc1T0zBurhnBwQ2fcu,Me Llamas,54,327999,3LgtCt7CVhMvNSMGoQD9i1
149,Mark B.,64,0zZJhc1T0zBurhnBwQ2fcu,Ponmelo a Sonar,49,181817,6jiRUFbYQ7JU6dN5WtnR28
150,Chimbala,70,4VVEpEhC8NcR7AqNEds42U,Rueda,78,210528,71NGDQ9vSPXm55pyWeAxKK
151,Chimbala,70,4VVEpEhC8NcR7AqNEds42U,Tumbala,66,186240,48HoWzu1Fe4QHUSilVHJGy
152,Chimbala,70,4VVEpEhC8NcR7AqNEds42U,El Boom,66,219402,4D3RlFtxWG1vcgddoovAsN
153,Chimbala,70,4VVEpEhC8NcR7AqNEds42U,Maniquí - Remix,63,206872,7EgZdnwpSerKvFB8kkbnwG
154,Chimbala,70,4VVEpEhC8NcR7AqNEds42U,Colombiana,61,186801,6jqFyYXR54RHHo3S18rjab
155,Chimbala,70,4VVEpEhC8NcR7AqNEds42U,Brazilera (Remix),58,211226,5xGtnjJ6eaioRtV6hcHqY0
156,Chimbala,70,4VVEpEhC8NcR7AqNEds42U,Maniqui,57,177632,1SKZ2kmLyRZUkIw9zq9RLL
157,Chimbala,70,4VVEpEhC8NcR7AqNEds42U,Tan Celoso,56,162847,0kBtkRLoFGQJcnivHh7kwb
158,Chimbala,70,4VVEpEhC8NcR7AqNEds42U,Mujeres,53,147853,6s75l2BGSbPTyU7SEs63in
159,Chimbala,70,4VVEpEhC8NcR7AqNEds42U,Soltero,53,176039,1IOCIQ8mhFV42YdacEog1j
160,La Kikada,49,7Fpb4yEAPfiQfY0Bx0uLm5,Amigos Muertos,58,217000,41VSKd0QWCCSLo3qiR39sp
161,La Kikada,49,7Fpb4yEAPfiQfY0Bx0uLm5,Los Patrones,41,289676,3XZAJFdEANpxSH7tH7p2RG
162,La Kikada,49,7Fpb4yEAPfiQfY0Bx0uLm5,Tamo Loco,29,238080,5N8yKD8bwjxK8NCk54dWiw
163,La Kikada,49,7Fpb4yEAPfiQfY0Bx0uLm5,Si Te Presto La Glock,27,475593,4oZEZbc72VrUuOv40K1wZp
164,La Kikada,49,7Fpb4yEAPfiQfY0Bx0uLm5,Kelokeke,27,173640,571U5kPpRNcIHnKdxMDtKj
165,La Kikada,49,7Fpb4yEAPfiQfY0Bx0uLm5,Glu Glu,25,186000,1ICksYIrVxAHVmjRRfKA2a
166,La Kikada,49,7Fpb4yEAPfiQfY0Bx0uLm5,Tu ta en Para,25,142914,47N2SQ3U8U64msXbrQLoI3
167,La Kikada,49,7Fpb4yEAPfiQfY0Bx0uLm5,Tu Parte,23,128260,2bdUYaE0eJBCi0h2ImMZ0I
168,La Kikada,49,7Fpb4yEAPfiQfY0Bx0uLm5,Yoshi,23,174733,2hp2qSBGwhL2Ci3GLdKfN6
169,La Kikada,49,7Fpb4yEAPfiQfY0Bx0uLm5,Kelokeke Remix,10,259996,6tBuWE1vz2OUUccxEQTjlG
170,Poeta Callejero,47,1m82A2YUjBaQnLAFi9vjJv,Por Que Me Ahogo,38,180645,6Mm4e4HsRbYHBxYUz2voRf
171,Poeta Callejero,47,1m82A2YUjBaQnLAFi9vjJv,Con Los Brazos Abiertos (feat. Poeta Callejero),36,214543,2bbha2Cvy1YbjJCws5vyex
172,Poeta Callejero,47,1m82A2YUjBaQnLAFi9vjJv,Capea el Dough 2k14,35,707594,7kIP60tCZ6XlAtSbJjGlhU
173,Poeta Callejero,47,1m82A2YUjBaQnLAFi9vjJv,Esperando Por Ti,35,221773,1C4MgPWoUlLqPmz3cLOjzP
174,Poeta Callejero,47,1m82A2YUjBaQnLAFi9vjJv,Capea El Dough 2k17,33,370337,3SOY1DKorxsNPreFiuPwZ1
175,Poeta Callejero,47,1m82A2YUjBaQnLAFi9vjJv,Bonita Bonita,33,202960,1fktqEnilKuUGqyFy1UkyJ
176,Poeta Callejero,47,1m82A2YUjBaQnLAFi9vjJv,litEral viEja,31,172216,54s44Bp3oszvCBHp8HpdLK
177,Poeta Callejero,47,1m82A2YUjBaQnLAFi9vjJv,Historia De Amor,29,251506,7FRmRaAFikqgemdqJ1mCV4
178,Poeta Callejero,47,1m82A2YUjBaQnLAFi9vjJv,Contigo Aprendí,29,225906,30IyCkSwdkspai8HijmAQN
179,Poeta Callejero,47,1m82A2YUjBaQnLAFi9vjJv,Cuando Me Muera,28,244526,6tEC6pjuQBtPY3mHBvRUnt
180,Rochy RD,56,4riOEaOW5hCeqomFDBk0aP,Trucho,57,152796,6v3uWYfmamDBjB9gylwDwl
181,Rochy RD,56,4riOEaOW5hCeqomFDBk0aP,Ella Es Calle,51,224853,04xO5tBqr6XYdauPIsLWTC
182,Rochy RD,56,4riOEaOW5hCeqomFDBk0aP,Coronao,49,219180,1Rt9KDQJsHZcUnaVv5Qili
183,Rochy RD,56,4riOEaOW5hCeqomFDBk0aP,Haciendo Dinero (En La Mia),48,230053,7azK5cwtA3F9YsNtHUITEf
184,Rochy RD,56,4riOEaOW5hCeqomFDBk0aP,Pal' De Peso,46,205600,6RGY7WKvKnUUHYzSAtPXyI
185,Rochy RD,56,4riOEaOW5hCeqomFDBk0aP,La Pampara,46,227000,5CMYuOwdkbwCGz9QY1nII6
186,Rochy RD,56,4riOEaOW5hCeqomFDBk0aP,Llegó El Cuco,46,230028,2fkQCc98rU6m6aIg5kMe2U
187,Rochy RD,56,4riOEaOW5hCeqomFDBk0aP,Sistema De Gangster,45,261866,4ypv7dnKGGMsMuFevN1OE7
188,Rochy RD,56,4riOEaOW5hCeqomFDBk0aP,El Celular,45,212506,0BRDTOOPHuKPvLx5j9qsAB
189,Rochy RD,56,4riOEaOW5hCeqomFDBk0aP,El Comienzo,44,215986,1QykCyOIFbZdZEiLq8gin1
190,Kiko el Crazy,56,3NpG6SsHaQETkdQVZH6V1E,Mueve la Cadera,65,195250,5uAe6AXcN2SEOcOAy0Txkh
191,Kiko el Crazy,56,3NpG6SsHaQETkdQVZH6V1E,Baje Con Trenzas,49,155533,1UliaPFNVIA9f3ocnwJmx3
192,Kiko el Crazy,56,3NpG6SsHaQETkdQVZH6V1E,Baje Con Trenza - Remix,47,207804,16mjWUaQ4MjErG3LiD4jlD
193,Kiko el Crazy,56,3NpG6SsHaQETkdQVZH6V1E,Bajale,46,157629,0s3WYLJg1fLQVc5jvoC5jr
194,Kiko el Crazy,56,3NpG6SsHaQETkdQVZH6V1E,Pasate - Remix,44,193394,3X07aZDNVHZAqRevgAJtdd
195,Kiko el Crazy,56,3NpG6SsHaQETkdQVZH6V1E,Pegamelo,37,149432,4uXnOZ4NA3yMRnTOIvOB78
196,Kiko el Crazy,56,3NpG6SsHaQETkdQVZH6V1E,Yo Si Soy Trap 1.0,33,367516,0NiJ3M3d50e1wn0vtD67MO
197,Kiko el Crazy,56,3NpG6SsHaQETkdQVZH6V1E,La Pampara Navideña 2019,33,362057,4FiChqPkftUVeZYDXA8VBq
198,Kiko el Crazy,56,3NpG6SsHaQETkdQVZH6V1E,Wawanco,32,190512,3R8SbqPk9qkUK7CMsUY2ec
199,Kiko el Crazy,56,3NpG6SsHaQETkdQVZH6V1E,Amigos,30,252682,2WDiiMQliJC0r0cH6pfZcj
200,Don Miguelo,58,1noWnd8QFQD9VLxWEeo4Zf,Como Yo le Doy,57,222376,7mgzOfPPygzCNdnxZBkxns
201,Don Miguelo,58,1noWnd8QFQD9VLxWEeo4Zf,7 Locas - Original Dembow Version,44,195920,05F6kiE6hjjmWBXcIhrTFG
202,Don Miguelo,58,1noWnd8QFQD9VLxWEeo4Zf,Dimelo (feat. Wason Brazoban),43,242076,36i4IDPU4wSpsUCklhTIR1
203,Don Miguelo,58,1noWnd8QFQD9VLxWEeo4Zf,Nunca Te la Quité,43,195446,0UXqBMPpU1mNVnlFuuPMsK
204,Don Miguelo,58,1noWnd8QFQD9VLxWEeo4Zf,La Que Me Mata,43,195578,3DdVMsFJe7iexh7Bx22hFc
205,Don Miguelo,58,1noWnd8QFQD9VLxWEeo4Zf,El Mario de Tu Mujer (feat. Sensato),42,246386,02DaDbZtjht8xRERVwL7Zb
206,Don Miguelo,58,1noWnd8QFQD9VLxWEeo4Zf,Adiccion al Contacto,41,201784,5vShN1Ew2L1wu5vUH7SJkh
207,Don Miguelo,58,1noWnd8QFQD9VLxWEeo4Zf,Te Fuite,38,205557,1bsEYSP9Ei6uAdvmdEJ3VL
208,Don Miguelo,58,1noWnd8QFQD9VLxWEeo4Zf,Contigo No Se Me Para,38,260970,1Cx6Bgzr5liVWM6tZfucxE
209,Don Miguelo,58,1noWnd8QFQD9VLxWEeo4Zf,Por Ahí,35,168995,7Gn7oaSvpGZmRB9pKkZtqd
210,Sensato,55,7iJrDbKM5fEkGdm5kpjFzS,El Taxi,43,250200,5wTOtQJquKIQmazH73kCCZ
211,Sensato,55,7iJrDbKM5fEkGdm5kpjFzS,Tu Si,42,166440,4tr32xMfaXxToTvGdZM6Ka
212,Sensato,55,7iJrDbKM5fEkGdm5kpjFzS,El Malo (Remix) [feat. Romeo Santos],40,204121,0wen64xumMyhzU1EUijhny
213,Sensato,55,7iJrDbKM5fEkGdm5kpjFzS,Tu No Lo Sabe (feat. Padrino Lzf & MelyMel),36,279693,3wezX3pjvVuSkl9qxXxpNq
214,Sensato,55,7iJrDbKM5fEkGdm5kpjFzS,Crazy People (DJ Buddha Explicit Version),34,196992,1HWxC0zGOkn1MXRMmXR4ma
215,Sensato,55,7iJrDbKM5fEkGdm5kpjFzS,Que Lo Que,32,234526,5PGeKZIUcZVt893oJ5M3Co
216,Sensato,55,7iJrDbKM5fEkGdm5kpjFzS,Tu Kiere Ser Tiguere,25,187314,0lZmPXttHliraDdVgW1klp
217,Sensato,55,7iJrDbKM5fEkGdm5kpjFzS,Crazy People (Explicit),24,224179,0z8P62aA70gua9Q3rObMcB
218,Sensato,55,7iJrDbKM5fEkGdm5kpjFzS,Bello,24,200640,1zGOAvoIdprI2abYdTLgtK
219,Sensato,55,7iJrDbKM5fEkGdm5kpjFzS,No Me Niegue,24,203441,2LFpks6FENDbFwzOoo34Va
220,Mozart La Para,64,0odliLZMTk45CEVzF3Zocl,Mujeres,65,187666,6xLvYhLOW2oETJoZv8ChU8
221,Mozart La Para,64,0odliLZMTk45CEVzF3Zocl,"Mujeres (Mozart La Para, Justin Quiles, Farruko, Jowell & Randy) - Remix",63,236200,1AKP5JySgNsr2Y04z1yGHJ
222,Mozart La Para,64,0odliLZMTk45CEVzF3Zocl,Tu Perro,59,156969,3SNhGCcSEpSyi8ImxmatA5
223,Mozart La Para,64,0odliLZMTk45CEVzF3Zocl,Bye Bye,56,196746,1CFICGHfnZH6tXVKIYtYJp
224,Mozart La Para,64,0odliLZMTk45CEVzF3Zocl,Brinquen - Remix,55,291208,4PapVSimy0JvqUU0MoErGg
225,Mozart La Para,64,0odliLZMTk45CEVzF3Zocl,12 A 12,53,190400,51kDLGG90kHSjneUGNPmSy
226,Mozart La Para,64,0odliLZMTk45CEVzF3Zocl,De Tranquilote - Remix,52,180989,6v0TPwv96FHmd4qXnGMqDK
227,Mozart La Para,64,0odliLZMTk45CEVzF3Zocl,Pa' Que Sufran,49,199000,7B0eMeHAMbxbCTamE5us8J
228,Mozart La Para,64,0odliLZMTk45CEVzF3Zocl,Los Patrones,41,289676,3XZAJFdEANpxSH7tH7p2RG
229,Mozart La Para,64,0odliLZMTk45CEVzF3Zocl,El Coribiri,47,183200,52LavlE6CvrGJ3jEmJmkOu
230,Lirico En La Casa,67,1Vr7DTbtTpOp4tn4hAGOYo,Subete,69,224018,6CWMm2mJOrKyDH4W1X5d06
231,Lirico En La Casa,67,1Vr7DTbtTpOp4tn4hAGOYo,Marianela,64,186723,1xvnyke6EOVGi8jmFLDsTN
232,Lirico En La Casa,67,1Vr7DTbtTpOp4tn4hAGOYo,Muevelo,64,203441,26z79TvxoPoK0B9bq9zn4c
233,Lirico En La Casa,67,1Vr7DTbtTpOp4tn4hAGOYo,El Motorcito,63,169293,1c89Peahzqvhcs9UtiT879
234,Lirico En La Casa,67,1Vr7DTbtTpOp4tn4hAGOYo,Mojadero,61,235897,5uNOpdHMpFV9RxZ0qgNGcD
235,Lirico En La Casa,67,1Vr7DTbtTpOp4tn4hAGOYo,El Motorcito - Remix,56,211000,4kY5HMYgRgvHkdGtpdXcAs
236,Lirico En La Casa,67,1Vr7DTbtTpOp4tn4hAGOYo,5 Mujeres,55,209000,12IF1N3EbqgvRZweMJHAVO
237,Lirico En La Casa,67,1Vr7DTbtTpOp4tn4hAGOYo,La Resbalosa,55,207960,7i4AXtCkZJXbJFBIUiyzhy
238,Lirico En La Casa,67,1Vr7DTbtTpOp4tn4hAGOYo,Prendi,47,205893,38FFVJJUFMn0D5jS2H32FH
239,Lirico En La Casa,67,1Vr7DTbtTpOp4tn4hAGOYo,Brum Brum,47,172878,4HTCabvW8ANhqDkDexedzE
240,Liro Shaq,55,3oOJYwLB8FGSKYOQ5zx7Kk,Esa Flaca,57,191660,7ovS5qI1vRYvcjG5jDh09a
241,Liro Shaq,55,3oOJYwLB8FGSKYOQ5zx7Kk,Ven - Remix,51,184398,34DEq4NjmD2V5OOfUhVbwf
242,Liro Shaq,55,3oOJYwLB8FGSKYOQ5zx7Kk,Ven,47,169404,2edWJMHnqmf9RnLKcLfKes
243,Liro Shaq,55,3oOJYwLB8FGSKYOQ5zx7Kk,La Peluca,47,178573,7AxEtufMoqGZNXpBNDidB9
244,Liro Shaq,55,3oOJYwLB8FGSKYOQ5zx7Kk,Hay Problema,44,164336,0tONGbNBS0rXrskRP8HT3U
245,Liro Shaq,55,3oOJYwLB8FGSKYOQ5zx7Kk,Pin Pon,41,196702,31TbxlC1DooqeAK547rnMD
246,Liro Shaq,55,3oOJYwLB8FGSKYOQ5zx7Kk,Pa Que Aguante Eta,43,181577,1zdPE06w06CYsHFO4S4FnX
247,Liro Shaq,55,3oOJYwLB8FGSKYOQ5zx7Kk,Guayabu,41,182543,7nlUPqJJ4LE1vYb5BXt2tT
248,Liro Shaq,55,3oOJYwLB8FGSKYOQ5zx7Kk,En Papel de Regalo,40,170444,67onFaW8i95edbn90nRo8d
249,Liro Shaq,55,3oOJYwLB8FGSKYOQ5zx7Kk,Me Voy,38,175124,7LplbuDlZWbSDXiLjK846s
250,El Super Nuevo,51,3hWKGRKwr78bhxvErSJBdu,Superman Sin Capa,51,230257,7enqOzlUkUH0M1tHYwRTYO
251,El Super Nuevo,51,3hWKGRKwr78bhxvErSJBdu,La Envidia,47,194795,4iSS8RdAykVEpJY5pbjwQH
252,El Super Nuevo,51,3hWKGRKwr78bhxvErSJBdu,Bora Bora,46,169586,7zORehpxrrwAyrLzOkUSX5
253,El Super Nuevo,51,3hWKGRKwr78bhxvErSJBdu,#Deputamadre,45,166751,2YP8yaq7kdVD7Yq3bVyoi6
254,El Super Nuevo,51,3hWKGRKwr78bhxvErSJBdu,Debarata,41,201080,6GIYQislFlJUJFYHG7Fijl
255,El Super Nuevo,51,3hWKGRKwr78bhxvErSJBdu,Te Lo Vamo a Da,40,195734,15TcdGsX08XSZ4B8hXN2sy
256,El Super Nuevo,51,3hWKGRKwr78bhxvErSJBdu,Cuando Bebo,39,234372,7HEEmTfwfM56sSZd6glbZH
257,El Super Nuevo,51,3hWKGRKwr78bhxvErSJBdu,"Super Sin Capa (Remix) [feat. Secreto El Famoso Bibero, Lirico En La Casa, Musicologo & Bulova]",39,313728,5EAzOhzM3pEnfASMteI0Zo
258,El Super Nuevo,51,3hWKGRKwr78bhxvErSJBdu,Pegamelo,37,149432,4uXnOZ4NA3yMRnTOIvOB78
259,El Super Nuevo,51,3hWKGRKwr78bhxvErSJBdu,De Boca,34,183534,2VaYsYUBZZfj8nLyQxnGCs
260,Amara La Negra,47,6cdcTRFv0nFBQZPmTLWhRh,What a Bam Bam,45,188973,0l6REfKf0k4aX5UsLIXEhe
261,Amara La Negra,47,6cdcTRFv0nFBQZPmTLWhRh,Insecure,37,191906,1WRXkAyxiHGMIwfay2oNCB
262,Amara La Negra,47,6cdcTRFv0nFBQZPmTLWhRh,Celebra (feat. Messiah),28,232933,3QPbeGHUNRwQ6105TXxOKT
263,Amara La Negra,47,6cdcTRFv0nFBQZPmTLWhRh,Balloons,34,201053,5ZB9tmvoSNYDoogZUES5bl
264,Amara La Negra,47,6cdcTRFv0nFBQZPmTLWhRh,Se Que Soy,31,211040,4ooiBtUGwntacxCef7LAPS
265,Amara La Negra,47,6cdcTRFv0nFBQZPmTLWhRh,There's No Way,30,165957,5T56yynriYCiX1Qnas0Cyp
266,Amara La Negra,47,6cdcTRFv0nFBQZPmTLWhRh,"Ayy (with Jowell & Randy, Fuego, El Negro 5 Estrellas, Ricky Lindo & Doble T Y El Crok Los Pepes) - EDB Original Mix",28,363986,5tWN4Msieh8dlafzulfXAk
267,Amara La Negra,47,6cdcTRFv0nFBQZPmTLWhRh,Don't Do It,22,158613,1L43RxEjAXTvSQoQdRBETS
268,Amara La Negra,47,6cdcTRFv0nFBQZPmTLWhRh,Dutty Wine,20,153573,5xRCm3d8IlbrdOabaD9QiL
269,Amara La Negra,47,6cdcTRFv0nFBQZPmTLWhRh,Otro Amor (Remix),19,226325,2kItnxFZAvtGi0KHQxElUL
270,Bulova,61,6NAhbfEqeWELwfjH391Vz0,"Hoy Me Desacato (Dale Pipo Remix) (feat. Nacho, Noriel & El Alfa)",63,310047,6oCZE1hdCEac5NnqMUotjh
271,Bulova,61,6NAhbfEqeWELwfjH391Vz0,Dando,57,193974,0kEzIodWrEDtpKS0EYI99X
272,Bulova,61,6NAhbfEqeWELwfjH391Vz0,Ven - Remix,51,184398,34DEq4NjmD2V5OOfUhVbwf
273,Bulova,61,6NAhbfEqeWELwfjH391Vz0,Los Pomposo,49,164164,6VrOzFtjAylmaRV5OsCFeo
274,Bulova,61,6NAhbfEqeWELwfjH391Vz0,Hoy Me Desacato,48,162533,7AjhX1xGxAaaogwOchMGU0
275,Bulova,61,6NAhbfEqeWELwfjH391Vz0,Siga Boyando,47,250510,3pfmXyxD0SzpVVMjK57x1r
276,Bulova,61,6NAhbfEqeWELwfjH391Vz0,Mente de Pecao - Remix,46,200088,7uyM5A5BWpLB6n0z1maIon
277,Bulova,61,6NAhbfEqeWELwfjH391Vz0,Prende,45,182500,6quVCnxdU0UJR9MvErl0eG
278,Bulova,61,6NAhbfEqeWELwfjH391Vz0,Dale Su Banda (feat. Chimbala),43,187297,2QUJUWfD2Ko6bMi4h0RkiT
279,Bulova,61,6NAhbfEqeWELwfjH391Vz0,Baila,43,166060,1TaUwFWotv4lfu2E78BxPd
280,Crazy Design,50,3rQXUpppnyxRkQNxoLFtUV,Dejen Su Loquera,57,177972,0cRdPQhJwgKl2NEvtjUaz7
281,Crazy Design,50,3rQXUpppnyxRkQNxoLFtUV,El Carton,51,195892,68QTlXvLrJp3wtP57QSjfg
282,Crazy Design,50,3rQXUpppnyxRkQNxoLFtUV,Tembeleke,45,196030,3xULsKQSIkr16oORbAnKxu
283,Crazy Design,50,3rQXUpppnyxRkQNxoLFtUV,Ella Eh!,41,161346,23iuxSWGOfiAhuIK6SjFoS
284,Crazy Design,50,3rQXUpppnyxRkQNxoLFtUV,Te Fuite,38,205557,1bsEYSP9Ei6uAdvmdEJ3VL
285,Crazy Design,50,3rQXUpppnyxRkQNxoLFtUV,La Pampara Navideña 2019,33,362057,4FiChqPkftUVeZYDXA8VBq
286,Crazy Design,50,3rQXUpppnyxRkQNxoLFtUV,Yo No Queria Engañarte,32,185461,5OMhbKgpYz1jKEqRU9kfzm
287,Crazy Design,50,3rQXUpppnyxRkQNxoLFtUV,La Lipo,24,216293,5iSYX7LcCEr4VWTJLuTLfa
288,Crazy Design,50,3rQXUpppnyxRkQNxoLFtUV,Baile Del Bikini,23,165818,5Sx7IJpAbWcFb02HXTTCcX
289,Crazy Design,50,3rQXUpppnyxRkQNxoLFtUV,Sacala Pa Ve,23,169037,5jwkujpQcv9EyqQGDgi4bL
290,MelyMel,41,4tM8sp8yDce3Km1pYHQb6Y,Donde Están,41,266291,58SUXI4rmBCfNkQEk9kbsh
291,MelyMel,41,4tM8sp8yDce3Km1pYHQb6Y,Se Te Apago La Luz,37,207200,01x1x08CxWHLBl6YxZMf0z
292,MelyMel,41,4tM8sp8yDce3Km1pYHQb6Y,Salgo Sola (feat. Mestiza),36,200655,5YRPfgu3cwVZO2p0SRcb92
293,MelyMel,41,4tM8sp8yDce3Km1pYHQb6Y,Capea el Dough 2k14,35,707594,7kIP60tCZ6XlAtSbJjGlhU
294,MelyMel,41,4tM8sp8yDce3Km1pYHQb6Y,Capea El Dough 2k17,33,370337,3SOY1DKorxsNPreFiuPwZ1
295,MelyMel,41,4tM8sp8yDce3Km1pYHQb6Y,Me Quiere a Mi (feat. Heidy Brown),31,229068,1DiYU1iQR0bJjQ8Y9faBa8
296,MelyMel,41,4tM8sp8yDce3Km1pYHQb6Y,E'te Niño,29,173932,5EeXNlEZeoherDmWAr3Nkl
297,MelyMel,41,4tM8sp8yDce3Km1pYHQb6Y,Cuando Salimos,29,200583,0SnLkO6RfRabs9WPLnP20P
298,MelyMel,41,4tM8sp8yDce3Km1pYHQb6Y,Si No Te Amara,24,199842,0Wgh1XUbVf2Hd5DdIeRgff
299,MelyMel,41,4tM8sp8yDce3Km1pYHQb6Y,IDGAF,25,156433,3wsmLKP2S3BG4xLoAeLVaI
300,El Chuape,40,0cXz4Jkhb32ehDe3No7oF9,Ponme to Eso Pa Lante,46,167786,7HNX5ap83jCLeWODW6CU2m
301,El Chuape,40,0cXz4Jkhb32ehDe3No7oF9,La Malondra (Bella Ciao),41,157431,2Du0czDUGHDzOUQdgmGtnL
302,El Chuape,40,0cXz4Jkhb32ehDe3No7oF9,Pompi Pa Atra,35,146510,0McSaca6iqz8c8Npd3xcRt
303,El Chuape,40,0cXz4Jkhb32ehDe3No7oF9,Al Final Pa' Que,32,192168,3iLJ7ow6gwX33qU9KPbFbS
304,El Chuape,40,0cXz4Jkhb32ehDe3No7oF9,Cual Es Tu Coro,30,207520,7ImY7rQI4nTJbfryeGpoj7
305,El Chuape,40,0cXz4Jkhb32ehDe3No7oF9,Llegale a Lo Codigo,25,179575,5Yc6RFntdrthCCVxufTMB4
306,El Chuape,40,0cXz4Jkhb32ehDe3No7oF9,Envidia,24,191218,10VoBA1TnZ9z4h9Y079aH0
307,El Chuape,40,0cXz4Jkhb32ehDe3No7oF9,Maquinita de Coser,23,203778,5ceBiIckwhWQKOSm48pZsk
308,El Chuape,40,0cXz4Jkhb32ehDe3No7oF9,Galactico,22,180144,2qeyFMCqIQfcg9Nu77jBTX
309,El Chuape,40,0cXz4Jkhb32ehDe3No7oF9,Tu No Sabe de Eso,21,198095,14vjDzzcssOoPYDHTDLSgQ
310,Bulin 47,55,4J0m1OquRGY8HYHxMocXfy,Deja De Hablar De Mí,53,200666,3HJTnmKDiitSKMPmCEYHQT
311,Bulin 47,55,4J0m1OquRGY8HYHxMocXfy,Rapidito,52,170000,3ZJ1F8QrGVN6uz9HTF4Mrg
312,Bulin 47,55,4J0m1OquRGY8HYHxMocXfy,Domingo,48,178026,5PeheEgPSODBOxPDO4a6QD
313,Bulin 47,55,4J0m1OquRGY8HYHxMocXfy,La Envidia,47,194795,4iSS8RdAykVEpJY5pbjwQH
314,Bulin 47,55,4J0m1OquRGY8HYHxMocXfy,Que Me Diran,47,185211,7u7wa5ElLqFlunGtvUniJv
315,Bulin 47,55,4J0m1OquRGY8HYHxMocXfy,El Mudo - Remix,46,234953,6NFYM779eoWZ59OOMi1qLp
316,Bulin 47,55,4J0m1OquRGY8HYHxMocXfy,A Caco,40,178466,3xs7dWQGp8HujcFjsK5vEU
317,Bulin 47,55,4J0m1OquRGY8HYHxMocXfy,Te Siento En Para,36,198653,622NSQy3ZLW4MtimvW1NlN
318,Bulin 47,55,4J0m1OquRGY8HYHxMocXfy,Pucutu,36,165533,698fThuOjyr2R3UbtQZWbB
319,Bulin 47,55,4J0m1OquRGY8HYHxMocXfy,7 Pollos,35,166870,6OBOhtOzzUMHPf018Hoe3z
320,Milka La Mas Dura,28,2wuNyo4CINVCrIdbEi5dGP,No Me Llames,30,207164,6s56PS9FOe9yJB5ti3IULQ
321,Milka La Mas Dura,28,2wuNyo4CINVCrIdbEi5dGP,No Ando En Eso,20,198000,3P61fZmS6nZ2q48wlVmDfb
322,Milka La Mas Dura,28,2wuNyo4CINVCrIdbEi5dGP,Aprieta,20,151498,7j5M97yPZaT0QK2pNMtkt8
323,Milka La Mas Dura,28,2wuNyo4CINVCrIdbEi5dGP,Sola,19,188253,24Uz5JgGHiZou1f0NtJkHn
324,Milka La Mas Dura,28,2wuNyo4CINVCrIdbEi5dGP,Papi Que Bueno Tu Ta (feat. La Materialista & Arcangel),18,228048,2WZIvIyZUGLFykt013hHim
325,Milka La Mas Dura,28,2wuNyo4CINVCrIdbEi5dGP,Volver,17,199098,24De67pxeQCQJuytNtlENI
326,Milka La Mas Dura,28,2wuNyo4CINVCrIdbEi5dGP,Te Bote,16,187155,6ZFx2C4riGUcU1sE68MRSP
327,Milka La Mas Dura,28,2wuNyo4CINVCrIdbEi5dGP,A Tu Nombre,16,190835,7KuqjGohhHlpm7qwG51Vh6
328,Milka La Mas Dura,28,2wuNyo4CINVCrIdbEi5dGP,La Para,16,204187,40lJHRF8s8TxAbL89y4TM5
329,Milka La Mas Dura,28,2wuNyo4CINVCrIdbEi5dGP,Dale Ven Ven,15,193685,6Kpz90O7VP8nXlbFNFd4YB
330,Ceky Vicini,31,3bvJVf4qi3TWELHC6vDvpY,Toy en Alta,24,198000,1lrRORX91fHHThZ3g1bjVi
331,Carlitos Way,26,5QZXZIHEGF2YgObSocvJYa,"Way, Way - Live",15,184360,7w6Zp6MmSnJVaHWBQk1rvd
332,Carlitos Way,26,5QZXZIHEGF2YgObSocvJYa,Pura Mentira,11,168789,0TeJWlIVYTszJPoxho8lxk
333,Carlitos Way,26,5QZXZIHEGF2YgObSocvJYa,Cuidales,0,208001,5hFFPjCCd10X0AiMmCrz11
334,Carlitos Way,26,5QZXZIHEGF2YgObSocvJYa,Revenge,0,163133,0IFIl0X7qh4Repxv64lDhM
335,Carlitos Way,26,5QZXZIHEGF2YgObSocvJYa,Look In My Direction,0,105693,2VzJGlJiLQ9cNlCeRW0t0K
336,Mr Manyao,19,5AYkvr6cXZ3jqthh9mKqZU,"Envidioso Remix (feat. Atomic, Quimico, Fuego, Black Point, Paramba & Mr Saik)",22,300068,1KeeQAFqkBfeTnBWMLKYcT
337,Mr Manyao,19,5AYkvr6cXZ3jqthh9mKqZU,Oye Menor,19,212480,16Xke0EaJ38lUIdCm35jf7
338,Mr Manyao,19,5AYkvr6cXZ3jqthh9mKqZU,Rapa Encondio - Dirty Mix,19,199960,2KjkMP8Yae3Mcz0xQMO02o
339,Mr Manyao,19,5AYkvr6cXZ3jqthh9mKqZU,Llego y Mato,18,225048,524FN8Xb023YHPseKpbmxR
340,Mr Manyao,19,5AYkvr6cXZ3jqthh9mKqZU,Capea el Dembow,18,394919,4bEbXXPY4ANpfZtpk03r8k
341,Mr Manyao,19,5AYkvr6cXZ3jqthh9mKqZU,Piedra A La Luna,10,172440,27L7GBQRX3s8hwyjU4xIuU
342,Mr Manyao,19,5AYkvr6cXZ3jqthh9mKqZU,Goza Encondio (with H2) - Clean Mix,7,199456,5i7K6cACGKrHAM8x3xNj1O
343,Mr Manyao,19,5AYkvr6cXZ3jqthh9mKqZU,Dale Con El Culo (feat. El Jacool),2,201195,7Hh4iyKFrQTE4i7u0Mb0q0
344,Mr Manyao,19,5AYkvr6cXZ3jqthh9mKqZU,No Quiero Coro Con Grillo,1,165564,4P4hSY2TiAsH3Ynn1SiPN2
345,Mr Manyao,19,5AYkvr6cXZ3jqthh9mKqZU,Tu Le Daria,1,176847,6zLjZteHJDckOEm4Dz8dtY
